trial,gradient,data_id,words
1,Finite,1270,TWO TEN DELTA SIX FORTY EIGHT
1,Finite,23536,SAY AGAIN THE FREQ FOR DELTA THREE TWO SEVEN
1,Finite,5493,EIGHTEEN TWENTY FIVE
1,Finite,15404,EAGLE ONE GO AHEAD
1,Finite,19209,AMERICAN TWELVE SEVENTY FOUR IS IN A TURN
1,Finite,15912,OKAY WE'LL MONITOR BYE
1,Finite,20770,DELTA FIVE TWENTY TWO HEADING ZERO FOUR ZERO
1,Finite,27422,OK WE'LL DO THAT
1,Finite,8612,PACER EIGHT ONE OUT OF THREE FOR FOUR THOUSAND
1,Finite,1843,AH DOUBLE OH EIGHT U S EIGHT FIFTY TWO
1,Infinite,11910,ONE NINETEEN ONE THANK YOU GOOD DAY
1,Infinite,5425,EIGHTEEN TWENTY FIVE SO LONG
1,Infinite,17701,YEAH ANY CHANCE OF THIRTY SIX
2,Finite,1270,TWO TEN DELTA SIX FORTY EIGHT
2,Finite,23536,SAY AGAIN THE FREQ FOR DELTA THREE TWO SEVEN
2,Finite,5493,EIGHTEEN TWENTY FIVE
2,Finite,15404,EAGLE ONE GO AHEAD
2,Finite,19209,AMERICAN TWELVE SEVENTY FOUR IS IN A TURN
2,Finite,15912,OKAY WE'LL MONITOR BYE
2,Finite,20770,DELTA FIVE TWENTY TWO HEADING ZERO FOUR ZERO
2,Finite,27422,OK WE'LL DO THAT
2,Finite,8612,PACER EIGHT ONE OUT OF THREE FOR FOUR THOUSAND
2,Finite,1843,AH DOUBLE OH EIGHT U S EIGHT FIFTY TWO
2,Finite,11910,ONE NINETEEN ONE THANK YOU GOOD DAY
2,Finite,5425,EIGHTEEN TWENTY FIVE SO LONG
2,Finite,17701,YEAH ANY CHANCE OF THIRTY SIX
2,Finite,18902,ONE NINETY DELTA THREE EIGHTY SIX
2,Finite,29231,UNITED FOUR FIFTY WE 'LL HOLD SHORT
2,Finite,23449,ONE NINETY ASEA FOUR SIXTY SIX
2,Finite,10856,ROGER REDUCE TO ONE NINER ZERO KNOTS
2,Finite,15447,GOOD DAY BIZEX SIX THIRTY EIGHT
2,Finite,25639,THIRTY-TWO ONE DELTA FOUR TWENTY-SIX
2,Finite,10069,ONE ONE THOUSAND HOTEL CHARLIE
2,Finite,435,CACTUS EIGHT TWENTY SIX ROGER
2,Finite,13599,MIDEX FOUR FIFTEEN ANY LEFT TURN
2,Finite,16498,EIGHTEEN THIRTY SEVEN
2,Finite,2409,OKAY THIRTY EIGHT TWENTY FIVE
2,Finite,11791,SIXTY FIVE ELEVEN
2,Finite,20731,YEAH IT LOOKS REAL GOOD RIGHT NOW
2,Finite,11715,EXPECT ABOUT A TEN MILE FINAL
2,Finite,19292,SEVEN NINETY FOUR ROGER
2,Finite,24621,AMERICAN ONE SEVENTY EIGHT APPROACH
2,Finite,24202,ONE NINETY AND SWITCHING GOOD DAY
2,Finite,5593,FOUR FIFTY NINE
2,Finite,21434,THREE TWO EIGHTY-FIVE WE'LL SEE YOU
2,Finite,15407,AH WE TAKE IT TO THE END THANK YOU
2,Finite,11379,GOOD DAY UNITED SIXTEEN NINETY FOUR
2,Finite,13168,REPORT THE FIELD FORTY FOUR TWENTY ONE
2,Finite,17293,EAGLE ONE WASHINGTON TOWER
2,Finite,8095,AH DELTA WHISKEY YOU'RE UNREADABLE
2,Finite,18505,OKAY WE'LL MAINTAIN ONE NINETY
2,Finite,20503,ZERO EIGHT ZERO SEVEN OH SIX
2,Finite,7349,TWO SEVEN TWO THANKS FOR YOUR HELP
2,Finite,10201,OKAY THANKS A LOT SIR
2,Finite,7588,WE BE LOOKING DELTA SEVEN THIRTY ONE
2,Finite,186,ONE NINETEEN ONE GOOD DAY
2,Finite,9052,AND FLY HEADING TWO FIVE ZERO
2,Finite,15822,TROOPER EIGHT FREQUENCY CHANGE APPROVED WE'LL SEE YOU LATER
2,Finite,12687,DOWN TO THREE SEVENTEEN SIXTY FIVE
2,Finite,19187,ONE THREE ZERO AMERICAN TWELVE SEVENTY FOUR
2,Finite,19388,FIVE THOUSAND FOURTEEN FOURTEEN
2,Finite,10515,WE'RE LOOKING ONE PAPA HOTEL
2,Finite,21561,DELTA TEN FOURTEEN HEAVY WILCO
2,Finite,2963,BIZEX FOUR FOURTEEN IS WITH YOU
2,Finite,15568,(UNINTELLIGIBLE) CLEARED TO LAND THANK YOU
2,Finite,16526,FORTY THREE SIXTY NINE
2,Finite,557,CORRECTING NORTHWEST ONE EIGHTY TWO
2,Finite,8780,NINER THOUSAND CACTUS FIFTY FOUR
2,Finite,19519,THREE THOUSAND DELTA ELEVEN THIRTY SEVEN
2,Finite,24410,(UNINTELLIGIBLE)
2,Finite,11161,WILCO T W A TEN
2,Finite,20672,AMERICAN AH THIRTEEN THIRTY TWO
2,Finite,23683,ASEA THREE THIRTY FIVE REGIONAL APPROACH ROGER
2,Finite,25572,FIVE SIX QUEBEC ROGER
2,Finite,1194,CARE EIGHTY THREE HAS THE TRAFFIC SIR
2,Finite,18908,BE ABOUT TWELVE OR THIRTEEN MILES
2,Finite,27099,IN SIGHT TAXI TO PARKING
2,Finite,23756,TWENTY FOUR FIVE WE'LL DO ALL THAT
2,Finite,18350,(UNINTELLIGIBLE)
2,Finite,29144,THREE SIXTY FIVE ROGER
2,Finite,16213,GOOD DAY UNITED SIX ELEVEN
2,Finite,10742,AH DID YOU HAVE THE AIRPORT IN SIGHT
2,Finite,24408,THIRTY FIVE RIGHT TEN NINETY SIX
2,Finite,7560,LOOKING FOUR NINETY THREE
2,Finite,28558,AMERICAN THIRTEEN FORTY ONE
2,Finite,27305,SECOND M D EIGHTY AT THIRTY TWO IS WHO
2,Finite,20354,AFFIRMATIVE AMERICAN FORTY THREE
2,Finite,2413,DELTA TWO OH TWO SLOWING
2,Finite,14603,(UNINTELLIGIBLE)
2,Finite,3792,THREE EIGHT OH SIX CLEARED FOR THE I L S
2,Finite,4522,SORRY GO AHEAD THIRTY EIGHT FORTY THREE WITH YOU
2,Finite,8135,AH WE'RE V F R PLUM ISLAND
2,Finite,1774,(UNINTELLIGIBLE) IT PRETTY HAZY OUT HERE
2,Finite,8620,HENSON FORTY THREE EIGHTY SIX YOU UP
2,Finite,1549,BIZEX SEVEN OH TWO ROGER
2,Finite,7887,THIRTY EIGHT FORTY TWO WE HAVE HIM IN SIGHT
2,Finite,12007,MIDEX TWENTY SEVEN TWENTY ONE ROGER
2,Finite,12149,ALPHA MIKE OUT OF FOUR FOR THREE
2,Finite,12304,YEAH I THINK YOU SAID US MAYBE NOT
2,Finite,13893,U S AIR FORTY SEVEN CONTACT DEPARTURE GOOD NIGHT
2,Finite,7552,ONE EIGHTY FOUR THIRTY THREE
2,Finite,14000,TRUMP SIXTY FIVE TWENTY CONTACT DEPARTURE
2,Finite,9423,ONE NINER ZERO ROGER
2,Finite,6428,TWO THREE HOTEL ON TO HOLD
2,Finite,9458,ALL RIGHT PROCEED DIRECT RICHMOND
2,Finite,22258,TEN EIGHTY ONE IS LOOKING
2,Finite,24659,EIGHT THOUSAND SOUTHWEST FOUR FORTY NINE
2,Finite,20730,SIX FIFTY TWO SPEED OKAY
2,Finite,7169,THANK YOU THREE ZERO NOVEMBER
2,Finite,24582,(UNINTELLIGIBLE)
2,Finite,28775,AMERICAN TWELVE SEVENTY FOUR TOWER
2,Finite,28175,CLEARED TO LAND ELEVEN FORTY SIX
2,Finite,18501,AMERICAN NINETY FIVE REMAIN ON THIS FREQUENCY
2,Finite,16598,CAN'T MAKE THAT ONE
2,Finite,20827,ASEA THREE SIXTY TWO YOU WITH ME
2,Finite,17197,DELTA THREE OH SEVEN ROGER
2,Finite,19940,CLEARED FOR THE APPROACH DELTA FOUR TWENTY SIX
2,Finite,19938,SEVEN TWENTY FIVE TO FOUR THOUSAND
2,Finite,1161,U S AIR TWELVE THIRTY THREE BOSTON
2,Finite,6754,CLEARED TO GO THIRTY FIVE SIXTY TWO
2,Finite,29505,CHAPARRAL SEVEN SEVENTEEN 'S READY
2,Finite,19333,ZERO SEVEN ZERO AMERICAN TWELVE SEVENTY
2,Finite,28160,LOUD AND CLEAR ASEA FOUR FIFTY FIVE
2,Finite,14559,CLEARED TO GO CONTINENTAL THREE TWENTY
2,Finite,26341,SEVEN THIRTY SIX THANK YOU GOOD DAY
2,Finite,20776,THREE THIRTY FIVE ZERO TWO ZERO
2,Finite,28629,CLEARED TO LAND ASEA FOUR SIXTY EIGHT
2,Finite,5765,CLIPPER FIVE FORTY SEVEN
2,Finite,9053,TWO FIFTY PAPA FOX
2,Finite,27140,TWIN CESSNA THREE THREE ALPHA DELTA GROUND
2,Finite,17212,TWENTY ONE SEVEN FORTY FOUR OH ONE
2,Finite,20592,THREE SIX RIGHT AH FIVE ELEVEN
2,Finite,10971,NINETEEN ONE NORTHWEST TWO THIRTY FOUR
2,Finite,11908,SEVENTEEN SIXTY FIVE
2,Finite,26799,EASY IS CLEAR
2,Finite,27998,AMERICAN ELEVEN FIFTY THREE WE'LL CROSS
2,Finite,26976,(UNINTELLIGIBLE)
2,Finite,29155,AMERICAN EIGHT SIXTEEN AFFIRMATIVE
2,Finite,289,ONE SEVENTY ATLANTIC FOUR OH FIVE
2,Finite,26779,(UNINTELLIGIBLE)
2,Finite,1866,THREE SIXTY U S EIGHT FIFTY TWO
2,Finite,7394,OKAY ONE TWO ZERO POINT SIX
2,Finite,14957,SIX SIX EIGHT ZERO SEVEN WITH ME
2,Finite,8186,OH FIVE OH TEN TWENTY FOUR
2,Finite,5132,THREE FOUR TWO SIX
2,Finite,8005,TWELVE THIRTY EIGHT TRAFFIC IN SIGHT
2,Finite,15024,NORTHWEST EIGHTEEN SEVENTY TWO BYE
2,Finite,16885,AND U S AIR FIVE SEVENTEEN
2,Finite,16496,FIVE SIXTY ONE GOOD DAY
2,Finite,28001,YEAH AND GIVE WAY TO THE COMPANY AT THE HIGH SPEED
2,Finite,10073,DIRECT LINDEN PACER FIVE TWO
2,Finite,8652,ONE THREE FOUR TWO SEVEN THREE EIGHT
2,Finite,13536,NORTHWEST TWO THIRTY NINE ROGER
2,Finite,14910,ONE EIGHT HOTEL ROUTING APPROVED
2,Finite,16142,SIXTY FOUR THIRTY ONE CROSS
2,Finite,2939,NERA THIRTY SEVEN FIFTY SIX ROGER
2,Finite,1545,BIZEX SEVEN OH TWO HAS THE SHORT
2,Finite,16739,I'M SORRY REPEAT THAT LAST PART
2,Finite,27947,YES CAN YOU ACCEPT THREE FIVE LEFT
2,Finite,2752,THREE THREE ZERO THREE FORTY SIX
2,Finite,594,AMERICAN NINETY FOUR HEAVY SO LONG
2,Finite,27171,WHO'S THE HEAVY TEN OFF AT THIRTY TWO
2,Finite,10060,DIRECT ARMEL FOR ONE EIGHT FIVE
2,Finite,24139,DOWN TO EIGHT AMERICAN THIRTEEN FIFTY FIVE
2,Finite,19587,FIVE ELEVEN ZERO ONE ZERO DOWN TO THREE
2,Finite,6863,U S AIR TWELVE FIFTY THREE
2,Finite,6186,CALLING BOSTON TOWER SAY AGAIN
2,Finite,20561,DOWN TO THREE AMERICAN SIX HUNDRED
2,Finite,23099,(UNINTELLIGIBLE)
2,Finite,7736,THAT IS CORRECT SIR HAVE A NICE DAY
2,Finite,25707,ZERO SEVEN ZERO SEVEN FORTY-TWO
2,Finite,14304,CLEARED FOR TAKEOFF CACTUS FOUR SEVEN NINE (UNINTELLIGIBLE)
2,Finite,28897,EIGHT TWENTY FOUR NORTH ON ECHO
2,Finite,6654,ONE FOUR ZERO DEPARTURE GOOD DAY SIR
2,Finite,25395,FIVE THOUSAND DELTA SIX NINETY FOUR
2,Finite,21495,ONE SEVEN THOUSAND SOUTHWEST FORTY-THREE
2,Finite,29291,AH DELTA SEVEN TWENTY FIVE CROSSING
2,Finite,28741,POSITION AND HOLD THREE FOUR WHISKEY POP
2,Finite,20028,DOWN TO THREE SEVEN FORTY TWO
2,Finite,29279,UNITED FOUR FIFTY CLEARED TO CROSS
2,Finite,13203,ALLEGHENY THIRTY SEVEN TWO NINE SO LONG
2,Finite,25585,ONE TWO ZERO POINT FIVE GOOD DAY
2,Finite,20005,THREE THOUSAND AMERICAN TWO NINETY TWO
2,Finite,18918,AMERICAN FIVE FORTY SIX REGIONAL APPROACH ROGER
2,Finite,15400,HELICOPTER CALLING MISSED IT SAY AGAIN
2,Finite,29135,OKAY RIGHT ON THE OUTER DELTA SIX NINETY ONE
2,Finite,18749,TWENTY SIX FIVE FIVE ASEA FOUR EIGHTY FOUR
2,Finite,16097,CLEARED TO LAND SIXTY FOUR THIRTY ONE
2,Finite,30149,CLEARED TO CROSS AMERICAN SIX TWENTY NINE
2,Finite,7921,TWENTY THREE EIGHTY EIGHT WE'RE LOOKING
2,Finite,11042,DELTA SIX FORTY SEE YOU ALL LATER
2,Finite,1374,U S AIR THREE FIFTY SIX ON
2,Finite,2315,EIGHT ZERO TWO ROGER FOLLOW COMPANY
2,Finite,22939,(UNINTELLIGIBLE)
2,Finite,10855,OKAY WE'RE AT TWO TEN NOW
2,Finite,16079,SABER ONE ONE THREE TANGO WASHINGTON
2,Finite,27242,ROGER SEVEN FORTY TWO
2,Finite,6023,CLEARED TO GO DELTA THREE SEVENTY EIGHT
2,Finite,6025,ON AND HOLD BIZEX THREE SEVENTY SEVEN
2,Finite,29589,HUSTLER TWELVE EIGHTEEN CLEARED TO LAND
2,Finite,10929,ZERO NINE ZERO UNITED SIX TWELVE
2,Finite,13428,ON THE ROLL FORTY FIVE FIFTY FIVE
2,Finite,6131,TEST FLIGHT ONE BOSTON SKYWAYS
2,Finite,6119,CLEARED TO GO THIRTY SEVEN SIXTY THREE
2,Finite,8003,NORTHWEST THREE EIGHTY IS LOOKING
2,Finite,4655,THIRTY SEVEN TWENTY EIGHT SAY ALTITUDE
2,Finite,12233,BALTIMORE TO WASHINGTON TRUMP SIXTY FOUR FORTY ONE
2,Finite,12393,LEAVING FIVE FOR THREE CONTINENTAL THREE OH NINE
2,Finite,12334,BALTIMORE DIRECT WASHINGTON CONTINENTAL THREE ZERO NINE
2,Finite,12342,NINETEEN ONE SO LONG U S AIR EIGHT FORTY THREE
2,Finite,7171,AH TWO TWO ZERO
2,Finite,2984,THIRTY SEVEN FIFTY SIX ROGER
2,Finite,14847,TOWER U S AIR FORTY SEVEN IS WITH YOU
2,Finite,2035,ZERO NINE CONTINENTAL THREE SIXTY FOUR
2,Finite,30032,CLEARED TO LAND AMERICAN SEVEN SEVENTY NINE
2,Finite,21578,DIRECT WACO SOUTHWEST TWO TWENTY-THREE
2,Finite,2771,FOUR THOUSAND EIGHT ECHO LIMA
2,Finite,10626,THIRTY FOUR FIVE GOOD DAY
2,Finite,17357,CLEARED TO LAND THREE SIX CONTINENTAL ONE TWENTY FOUR
2,Finite,18711,ONE SEVENTY FIVE FOR AMERICAN FIVE OH ONE
2,Finite,1257,TWO HUNDRED CONTINENTAL THREE THIRTY
2,Finite,3907,OKAY I'LL PUT YOU ON THE I L S BEHIND HIM
2,Finite,11026,LEFT TO ONE FIVE ZERO
2,Finite,13421,FORTY FIVE FIFTY FIVE (UNINTELLIGIBLE) AND HOLD
2,Finite,21582,THIRTY-TWO EIGHTY-FIVE GOOD NIGHT
2,Finite,5667,ONE ZERO THOUSAND THREE ZERO THREE
2,Finite,11766,TWO SEVEN ZERO T W A THREE SEVENTEEN
2,Finite,10888,ONE NINETY UNITED SIX TWELVE
2,Finite,24082,AMERICAN THIRTEEN THIRTY SEVEN APPROACH
2,Finite,9252,DEPARTURE TWO THREE GOLF WITH YOU
2,Finite,277,COMMUTER NINE FIFTEEN BOSTON ROGER
2,Finite,13193,SEVEN V A WE'RE POPEYE
2,Finite,27707,GOOD DAY AMERICAN FOUR FORTY TWO PAPA
2,Finite,3422,ROGER DELTA SIX SEVEN SIX
2,Finite,2320,TWENTY ONE OH SIX ROGER
2,Finite,28315,AMERICAN THREE EIGHTY NINE HEAVY ROGER
2,Finite,282,BIZEX FIVE HUNDRED YOU TURNING IN NOW
2,Finite,13133,SEVENTEEN SIXTY ONE ROGER
2,Finite,24806,DOWN TO FIVE SEVEN NINETY FOUR
2,Finite,28508,AMERICAN EIGHT FIFTY TWO
2,Finite,10882,EIGHT FOR FIVE UNITED SIX TWELVE
2,Finite,24466,ELEVEN POINT THREE DOWN FOR ELEVEN
2,Finite,16415,POSITION AND HOLD DELTA JULIET
2,Finite,27442,POSITION AND HOLD AMERICAN NINE TWELVE
2,Finite,24329,AMERICAN EIGHT FIFTY EIGHT ELEVEN THOUSAND
2,Finite,29223,CLEARED TO LAND DELTA SEVEN TWENTY FIVE
2,Finite,14184,U S AIR FIVE SEVENTEEN WILCO
2,Finite,22512,TWO SIXTEEN'S I M C
2,Finite,1311,CLEARED FOR THE APPROACH TRUMP ELEVEN HUNDRED
2,Finite,27752,CLEARED TO GO ASEA NINE SEVENTY THREE
2,Finite,2743,SO LONG FOUR NINETY SIX
2,Finite,9988,AH NIGHTHAWK NINE IS SEARCHING
2,Finite,16917,NORTHWEST EIGHTEEN THIRTY SEVEN GOOD DAY
2,Finite,27272,TWO THIRTY TWO'S ONE EIGHT LEFT FOR THE GATE
2,Finite,21015,YOU WANT DELTA ONE TWENTY FOUR OVER TO THE TOWER SIR
2,Finite,27379,THIRTY ONE BRIDGE FOR DELTA FIVE THIRTY NINE
2,Finite,18549,AMERICAN FOURTEEN FORTY ONE
2,Finite,13499,CLEARED TO GO DELTA FOUR FORTY SIX
2,Finite,1405,ONE EIGHT ZERO FOURTEEN THIRTY EIGHT
2,Finite,22197,THIRTY THREE THREE GOOD DAY
2,Finite,19202,WE'RE IN THE TURN AMERICAN TWELVE SEVENTY FOUR
2,Finite,14447,SO LONG AMERICAN SIX OH NINE
2,Finite,22863,(UNINTELLIGIBLE)
2,Finite,28191,DELTA SIX SEVENTY GOOD DAY
2,Finite,18828,TWO NINE ZERO WE CLEARED TO INTERCEPT (UNINTELLIGIBLE)
2,Finite,20681,AMERICAN SIX FIFTY TWO APPROACH
2,Finite,5873,LEFT ONE FOUR ZERO FOUR HUNDRED KILO
2,Finite,11218,DELTA SIX SIXTY THANKS FOR THE WARNING
2,Finite,5546,O K EIGHTEEN AND A QUARTER GOOD DAY
2,Finite,3268,U S AIR TEN SIXTY TWO ROGER
2,Finite,11696,TWO FIVE ZERO DELTA FIVE OH ONE
2,Finite,5485,EIGHTEEN TWENTY FIVE SO LONG
2,Finite,22864,(UNINTELLIGIBLE)
2,Finite,3201,NINETEEN ONE SIX FORTY EIGHT SO LONG
2,Finite,7773,DIRECT HYANNIS THIRTY SEVEN EIGHTY THREE
2,Finite,27580,ASEA FOUR OH EIGHT HOLD SHORT OF THREE FIVE RIGHT
2,Finite,23379,INBOUND ON THE LOCALIZER CLEARED TO FOUR
2,Finite,16268,ON AND HOLD THREE BIZEX SIX FORTY EIGHT
2,Finite,11670,TWO NINE ZERO DOWN TO ONE THOUSAND SIX HUNDRED
2,Finite,21891,YES MAAM WE'VE GOT HIM IN SIGHT
2,Finite,24772,ZERO SIX ZERO THANK YOU (UNINTELLIGIBLE) GOOD DAY
2,Finite,3142,A HUNDRED AND SEVENTY KNOTS DELTA TWO OH EIGHT
2,Finite,13402,UNITED SIX EIGHTEEN OXONN INBOUND
2,Finite,6913,U S TWO NINETY HOLDING SHORT
2,Finite,744,RIGHT TO ONE NINE ZERO DELTA FIVE NINETY
2,Finite,22336,DELTA FOUR SEVENTY TWO ZERO EIGHT ZERO
2,Finite,27694,(UNINTELLIGIBLE)
2,Finite,14069,AMERICAN ELEVEN ZERO FIVE CONTACT DEPARTURE
2,Finite,8139,THREE ONE BRAVO ROGER
2,Finite,740,ZERO ONE ZERO THIRTY SEVEN SIXTY EIGHT
2,Finite,25042,FIVE ELEVEN SIX THOUSAND INDIA
2,Finite,13819,LEAR EIGHT TWO EIGHT ZERO WASHINGTON TOWER
2,Finite,2074,TWENTY EIGHTEEN NINETEEN ONE SO LONG
2,Finite,12787,DOWN TO THREE FOURTEEN THIRTY ONE
2,Finite,5125,CONTINENTAL FOUR THIRTY NINE DEPARTURE
2,Finite,1503,NINETEEN ONE THANKS VERY MUCH
2,Finite,3489,ONE SEVENTY FIVE SIXTY
2,Finite,19604,ONE HUNDRED EIGHTY KNOTS DELTA SIX NINETY NINE
2,Finite,25722,DOWN TO FIVE THOUSAND AMERICAN FOUR FORTY
2,Finite,1230,TRUMP ELEVEN HUNDRED AT FIVE
2,Finite,17682,THREE THREE U S AIR FOURTEEN FORTY EIGHT
2,Finite,12140,EAGLE FORTY NINE HUNDRED TOWER NINETEEN ONE
2,Finite,12261,SIX FOR FIVE VENUS EIGHT ONE
2,Finite,6482,ROGER THREE ZERO ZERO
2,Finite,17791,CLEARED TO LAND THREE SIX
2,Finite,18003,ONE EIGHTY SEVEN SEE YOU
2,Finite,13957,AMERICAN TEN SIXTY FIVE CONTACT DEPARTURE
2,Finite,19997,AMERICAN TWELVE FORTY SIX REGIONAL
2,Finite,13560,NORTHWEST TWO THIRTY NINE GOOD DAY
2,Finite,6800,TRUMP TEN SEVENTY ONE IS READY TO GO
2,Finite,498,UNITED ONE SEVENTY FOUR HEAVY SO LONG
2,Finite,10748,DOWN TO FIVE TWO THIRTY SIX
2,Finite,6719,U S AIR ONE NINETY FIVE IS READY
2,Finite,25869,DOWN TO FIVE TWELVE TWENTY-SIX
2,Finite,19616,TWENTY FOUR FIFTEEN SO LONG
2,Finite,16623,FORTY FOUR OH TWO
2,Finite,11007,UNITED SIX TWELVE TOWER NINETEEN ONE
2,Finite,25992,DELTA NINETY HEAVY APPROACH
2,Finite,16735,AND WHO ELSE WAS CALLING THE TOWER
2,Finite,29929,SEVEN SIXTY TWO WILCO
2,Finite,29959,GOING TO DEPARTURE AMERICAN FIVE FORTY NINE
2,Finite,13670,LEFT ON INDIA GROUND POINT SEVEN ROGER
2,Finite,30199,AMERICAN FIVE HEAVY OKAY
2,Finite,22243,AH THIRTY FOUR FIFTEEN
2,Finite,24359,DELTA SEVEN FIFTY EIGHT EIGHT THOUSAND
2,Finite,9638,GOOD MORNING DEPARTURE RAT SIX ZERO ONE
2,Finite,26402,AFFIRM FOURTEEN FOURTEEN QUEBEC
2,Finite,6156,DELTA SEVEN THIRTY
2,Finite,6901,FIVE EIGHTEEN ROGER
2,Finite,15737,CONTINENTAL THREE ZERO SIX ROLLING
2,Finite,18112,LEFT TWO NINER ZERO ZERO BRAVO FOX
2,Finite,24351,THANK YOU AMERICAN FIFTY
2,Finite,12482,PACER ONE NINETEEN THREE GOOD EVENING
2,Finite,18121,SLOWING TO ONE NINE ZERO BRAVO FOX
2,Finite,18786,DOWN TO FOUR THOUSAND AMERICAN EIGHT FIFTY EIGHT
2,Finite,23765,ASEA FOUR ZERO TWO APPROACH
2,Finite,20650,AMERICAN THIRTEEN THIRTY TWO WILCO
2,Finite,19034,HEADING TWO FIVE ZERO MIDWAY THREE SEVENTEEN
2,Finite,17846,WE'RE GOING RIGHT NOW
2,Finite,6440,CLEARED FOR TAKEOFF TWO THREE HOTEL
2,Finite,11462,ZERO SEVEN ZERO NORTHWEST TWELVE TEN
2,Finite,9898,ZERO TWO ZERO SUGAR BRAVO
2,Finite,1991,OVER TO THE TOWER EIGHTEEN FORTY THREE
2,Finite,1797,LEFT THREE ONE ZERO DELTA TWO TEN HEAVY
2,Finite,16906,FIVE SEVENTY ONE HAVE A GOOD DAY
2,Finite,12087,ONE SIXTY U S AIR ONE FIFTY FIVE
2,Finite,12272,ALL RIGHT TURN RIGHT HEADING TWO SEVEN ZERO
2,Finite,3713,U S AIR EIGHT EIGHT FOUR BOSTON APPROACH
2,Finite,16789,OKAY GROUND POINT SEVEN PLEASE
2,Finite,8723,THIRTY FOUR TWO SWIFT SEVEN ONE GOOD DAY
2,Finite,9437,TWO NINE ZERO TWO SIX FIVE
2,Finite,14123,WE'LL BE READY FIFTEEN SEVENTY FIVE
2,Finite,15530,DELTA SEVENTEEN SIXTY NINE ROGER
2,Finite,17497,ROSS TWO WASHINGTON TOWER
2,Finite,13935,WILL DO AMERICAN TEN SIXTY FIVE
2,Finite,14987,OKAY POSITION AND HOLD ZERO EIGHT GOLF
2,Finite,15587,POSITION AND HOLD WHISKEY CHARLIE
2,Finite,8971,THIRTY FIVE FOUR SEE YOU NOW
2,Finite,9501,TWENTY SEVEN TWENTY THREE HERE WE GO
2,Finite,2057,(UNINTELLIGIBLE)
2,Finite,7749,AH ZERO NINE UNIFORM
2,Finite,9732,THREE ZERO ZERO U S AIR TWELVE THIRTY
2,Finite,26106,INNER TO THE RAMP AMERICAN FORTY NINE HEAVY
2,Finite,7746,NOVEMBER ZERO NINE UNIFORM IDENT
2,Finite,25730,AMERICAN TWELVE FORTY-SIX HOW DO YOU HEAR ME
2,Finite,5941,THIRTY FIVE SEVENTY CLEARED FOR TAKEOFF
2,Finite,14436,OKAY DELTA FIVE TWENTY TWO
2,Finite,16334,POSITION AND HOLD (UNINTELLIGIBLE)
2,Finite,13317,HENSON FORTY FOUR TWELVE WASHINGTON TOWER ROGER
2,Finite,5896,U S AIR TWELVE SEVENTY SIX CONTACT DEPARTURE
2,Finite,1307,TRUMP ELEVEN HUNDRED STILL AT THREE
2,Finite,27043,OKAY IT'S APPROVED AS REQUESTED WE'LL SEE YOU LATER ON
2,Finite,29201,AMERICAN EIGHT NINE FIVE WE CAN MAKE IT
2,Finite,27467,OKAY AND AH CLEARED TO CROSS RIGHT
2,Finite,15313,THAT'S APPROVED THREE MIKE MIKE
2,Finite,1116,TWO FIVE EIGHT DOWN TO FOUR
2,Finite,9625,NINETEEN THREE GUARD DOUBLE OH ONE GOOD DAY
2,Finite,23558,DELTA SEVEN TWENTY ONE ELEVEN THOUSAND
2,Finite,11796,T W A GO TO GROUND AH TOWER
2,Finite,14371,FIVE THOUSAND GOOD DAY EIGHTY TWO EIGHTY
2,Finite,13517,REDBIRD SEVEN FORTY SEVEN THANK YOU
2,Finite,6099,ELEVEN NINETY TWO WE FOLLOW THE U S AIR
2,Finite,26328,KEEP HER ROLLING DELTA SIX NINETY NINE
2,Finite,6135,DELTA FOUR NINETY TWO CLEARED FOR TAKEOFF
2,Finite,1596,ZERO NINE ZERO AIR CANADA EIGHT TEN
2,Finite,30310,TWA550 T W A FIVE FIFTY READY
2,Finite,27185,WILCO AMERICAN TEN SEVENTY FOUR
2,Finite,20369,AIRPORT IN SIGHT FOR AMERICAN TEN SIXTEEN
2,Finite,17000,ZERO SIX ZERO TALK TO YOU LATER
2,Finite,997,(UNINTELLIGIBLE) ZERO ONE ZERO
2,Finite,8619,TWO FIVE ZERO PACER EIGHT ONE
2,Finite,15139,NAVAJO TWO ZERO TANGO XRAY ROGER
2,Finite,657,SHAMROCK ONE THIRTY FIVE HEAVY THANK YOU
2,Finite,12044,NAVY EIGHT FOUR THREE WASHINGTON APPROACH
2,Finite,570,FIVE THIRTY EIGHT WE WATCH
2,Finite,19983,SO HOW IS EVERYTHING
2,Finite,24950,SIX THOUSAND DELTA TEN OH ONE
2,Finite,13468,CONTINENTAL THREE TWENTY ONE IS SEVEN OUT
2,Finite,4670,O K THREE FIVE SEVEN FIVE COMING UP
2,Finite,26913,(UNINTELLIGIBLE)
2,Finite,2233,OKAY THIRTY SIX EIGHTY ONE GOOD DAY
2,Finite,1159,THREE TWO ZERO FOR CARE EIGHTY THREE
2,Finite,19825,CLEARED VISUAL THREE SIX LEFT UNITED FOUR FIFTY
2,Finite,26000,DELTA NINETY HEAVY APPROACH
2,Finite,6007,TWO TWO ZERO OVER TO DEPARTURE GOOD DAY
2,Finite,8531,AH NO I DON'T SIR I'M SORRY
2,Finite,12977,FOUR THOUSAND BIZEX SIX THIRTY THREE
2,Finite,8442,CLIMBING TO THREE T W A THREE NINETY FIVE
2,Finite,27168,THREE TWENTY EIGHT'S GATE IS OPEN
2,Finite,11485,ONE THREE ZERO AND WE'LL COME ON DOWN THEN
2,Finite,7209,DOWN TO SIX TRUMP ELEVEN SIXTY
2,Finite,16465,FIVE DELTA WHISKEY
2,Finite,14094,ON TO HOLD U S AIR SIXTEEN TWENTY NINE
2,Finite,17439,NINE KILO (UNINTELLIGIBLE)
2,Finite,25747,SIX SEVENTY-TWO HEAVY DOWN TO SIX
2,Finite,375,CACTUS EIGHT TWENTY SIX BOSTON
2,Finite,11466,FIVE THOUSAND DELTA SIX FIFTY SIX
2,Finite,21537,DELTA SEVEN FIFTY-EIGHT THIRTY-THREE THREE GOOD DAY
2,Finite,20236,ZERO (UNINTELLIGIBLE) FOUR
2,Finite,19013,MIDWAY THREE SEVENTEEN REGIONAL APPROACH ROGER
2,Finite,16145,NORTHWEST TWO THIRTY THREE CONTACT DEPARTURE
2,Finite,834,CONTINENTAL TWELVE THIRTY FOUR
2,Finite,12914,CLEARED VISUAL TWO ONE FORTY FIVE EIGHTY ONE
2,Finite,1597,FIVE OH FOUR HAS GOT THE TRAFFIC
2,Finite,12790,THREE ZERO ONE SIX NINE ZERO DELTA
2,Finite,20877,HURRY TO THREE DELTA THREE FIVE EIGHT
2,Finite,12628,TWO THREE ZERO WE SEE THE TRAFFIC
2,Finite,20630,THIRTEEN THIRTY TWO FIVE THOUSAND
2,Finite,22058,ECHO CHARLIE IS LOOKING
2,Finite,6528,OKAY WE'LL SEE YOU
2,Finite,6552,THIRTY SEVEN SIXTY ONE (UNINTELLIGIBLE)
2,Finite,22435,ONE SEVEN THOUSAND AMERICAN ELEVEN NINETEEN
2,Finite,9601,THIRTY FOUR TWO SIERRA KILO GOOD DAY
2,Finite,3076,CONTINENTAL THREE TEN ONE SEVEN ZERO
2,Finite,10701,DEPART ARMEL DIRECT TO ANDREWS SWIFT NINETY ONE
2,Finite,6543,CLEARED TO GO TANGO JULIET
2,Finite,11783,SLOW ONE SEVENTY T W A THREE SEVENTEEN
2,Finite,9047,FOUR THOUSAND PAPA FOX
2,Finite,24397,NINETEEN FOUR DELTA SEVEN FIFTY EIGHT
2,Finite,14260,SEVEN ONE MIKE READY TO GO ON THREE
2,Finite,19791,ALPHA CHARLIE THREE SIX LEFT
2,Finite,2176,U S AIR SIX FIFTEEN BOSTON
2,Finite,20587,METRO FIVE ELEVEN APPROACH ROGER
2,Finite,21683,DELTA TWENTY-SIX HEAVY LEVEL TEN
2,Finite,20034,AMERICAN FOUR FOURTY IS DOING TWO TEN
2,Finite,6731,U S AIR'S ONE NINETY FIVE HAVE A GOOD DAY
2,Finite,9397,ONE SEVEN THOUSAND NORTHWEST TWO THIRTY NINE
2,Finite,9974,ONE THIRTY FOUR TWO BOXER TWO TWO GOOD DAY
2,Finite,3004,DOWN TO THREE SIX SIX FOUR
2,Finite,9263,OUT OF THREE FOR NINER TWO THREE GOLF
2,Finite,20768,GOOD DAY FOURTEEN NINETY EIGHT
2,Finite,21077,REDUCING DELTA THREE OH SIX
2,Finite,11124,ZERO NINE ZERO FOR THREE K
2,Finite,12807,THREE ZERO ONE SIX
2,Finite,23884,AMERICAN AH NINETY FIVE ROGER
2,Finite,20301,ALL RIGHT WHO WAS IT JUST CALLED NOW
2,Finite,9160,NINER SEVEN SIERRA
2,Finite,4836,ROGER IT EIGHTEEN TWENTY FIVE
2,Finite,4273,FOUR THOUSAND EIGHT NINETY SIX
2,Finite,25768,ONE NINETEEN ZERO FIVE ROGER
2,Finite,2196,FIVE FOR THREE TANGO JULIET
2,Finite,25763,AMERICAN THIRTEEN SEVENTY-NINE APPROACH
2,Finite,1132,TWO THREE ZERO MIDWAY SIX SIXTEEN
2,Finite,6745,PRECISION THIRTY FIVE EIGHTEEN ARE YOU READY
2,Finite,3433,ONE TWO ZERO THIRTY SEVEN EIGHTY EIGHT
2,Finite,12535,VENUS ONE TWO WASHINGTON APPROACH ROGER
2,Finite,15751,HENSON FORTY FOUR FORTY FOUR
2,Finite,20420,ONE EIGHTY AMERICAN SEVEN FORTY TWO
2,Finite,4742,TWENTY SEVEN TWO FIVE TWO ONE
2,Finite,17171,SO LONG DELTA FIVE TWENTY SEVEN
2,Finite,2165,BIZEX THREE HUNDRED TOWER ONE NINETEEN ONE
2,Finite,29243,POSITION AND HOLD AMERICAN SEVEN NINETY
2,Finite,18758,ONE EIGHTY AMERICAN FIVE EIGHTY SIX
2,Finite,19200,AMERICAN TWELVE SEVENTY FOUR SAY AGAIN THE HEADING
2,Finite,13227,POSITION AND HOLD T W A'S FIVE THIRTY SEVEN
2,Finite,12472,DELTA FIVE ZERO ONE TO THREE THOUSAND
2,Finite,25322,THREE FORTY HEADING AMERICAN FOUR NINETY THREE
2,Finite,5737,ON THE OUTER FIVE NINETY NINE HEAVY
2,Finite,5745,GO TO DEPARTURE THIRTY SEVEN THIRTY SEVEN
2,Finite,29316,DELTA FOUR FORTY ONE CROSSING ONE EIGHT LEFT
2,Finite,6488,CLEARED TO GO BIZEX THREE SEVENTY EIGHT
2,Finite,14859,ONE EIGHT HOTEL OVER THE TOP APPROVED
2,Finite,2060,AH ZERO NINE ZERO OFF OF REVER FINE
2,Finite,17047,CLEARED FOR TAKEOFF TRUMP SIXTY FOUR SEVENTY
2,Finite,6848,AH FIVE THIRTY FIVE ROGER
2,Finite,5006,UP TO FOUR THOUSAND FOUR NINETY ONE
2,Finite,16893,CLEARED TO LAND THREE SIX DELTA FOUR HUNDRED
2,Finite,27988,POSITION AND HOLD AMERICAN SIX NINETY FOUR
2,Finite,17537,ONE EIGHT SEVEN JULIET
2,Finite,11474,NINETEEN POINT ONE NORTHWEST TWELVE TEN GOOD NIGHT
2,Finite,22751,GO TO TWO THOUSAND AMERICAN ONE TWENTY NINE
2,Finite,28596,DELTA ONE THIRTY NINE ROGER
2,Finite,15212,IS AH TWO T CLEARED TO LAND
2,Finite,22911,(UNINTELLIGIBLE)
2,Finite,919,TWO TEN U S NINETEEN TEN
2,Finite,8133,I GOT THE LAST AH COUPLE
2,Finite,11980,CONTINENTAL THREE TWENTY FIVE IT'S IN SIGHT
2,Finite,18996,TWO THREE ZERO EIGHT THIRTY THREE
2,Finite,6299,U S FOURTEEN SEVENTY THREE IS ROLLING
2,Finite,4596,UP TO FOUR THIRTY FIVE EIGHTY ONE
2,Finite,1901,NINETEEN ONE THIRTY FOUR NINETY EIGHT GOOD DAY
2,Finite,8907,TRAFFIC'S NO FACTOR HE'S BEHIND YOU NOW
2,Finite,20304,AMERICAN SIX EIGHTY TWO REGIONAL
2,Finite,16572,HENSON FORTY FIVE THIRTY FIVE ROGER
2,Finite,12175,LEFT ONE NINETY FIVE GOLF ALPHA
2,Finite,12442,ONE ONE NINE POINT ONE THANK YOU SIR
2,Finite,13910,YEAH WE'RE POSITION AND HOLD AMERICAN EIGHT NINETY SEVEN
2,Finite,16285,U S AIR EIGHT HUNDRED CONTACT DEPARTURE
2,Finite,18872,TWO NINETY AMERICAN ELEVEN NINETEEN
2,Finite,7101,U S AIR NINETY TWO GOOD DAY NOW
2,Finite,30107,AMERICAN SIX TWENTY NINE IS CLEARED TO LAND
2,Finite,22483,SEVENTEEN THOUSAND TEN NINETY SIX
2,Finite,4294,ONE ZERO ZERO SEVEN FIFTEEN
2,Finite,16010,MIKE SIERRA THREE THREE WE'LL FOLLOW THE SAAB
2,Finite,16373,ROLLING U S AIR NINETY THREE
2,Finite,28954,ALL RIGHT THANKS CONTACT DEPARTURE
2,Finite,18273,TWENTY SIX FIFTY FIVE ELEVEN FIFTEEN SO LONG
2,Finite,2532,CLEARED THE APPROACH U S AIR EIGHTY FOUR
2,Finite,23994,LEFT ONE SEVEN ZERO HOTEL CHARLIE
2,Finite,30322,(UNINTELLIGIBLE)
2,Finite,7064,NINE FIVE FOX LOOKING
2,Finite,22613,AMERICAN FOURTEEN ELEVEN ROGER
2,Finite,349,CARE TWENTY ONE TWELVE HAS THAT TRAFFIC SIR
2,Finite,28281,POSITION AND HOLD EASTERN FIVE NINETY EIGHT
2,Finite,21609,NINE THOUSAND DELTA THREE EIGHTY-SIX
2,Finite,4853,ONE ONE EIGHT TWENTY FIVE
2,Finite,28463,WE'LL CROSS AMERICAN ONE TWENTY ONE HEAVY
2,Finite,19258,ONE AH SEVEN NINETY FOUR ROGER
2,Finite,28446,SEVEN TWENTY FIVE WE'LL BE READY
2,Finite,6678,POSITION AND HOLD CONTINENTAL THREE NINETEEN
2,Finite,28329,SEVEN TWENTY FOUR WE'LL DO IT
2,Finite,16131,CONDOR ROGER TROOPER FREQUENCY CHANGE APPROVED
2,Finite,23266,LEFT TURN TWO SIX ZERO AMERICAN FIVE THIRTY THREE
2,Finite,26621,WILCO ON NINETEEN AMERICAN ELEVEN NINETY NINE
2,Finite,12469,DELTA FIVE OH ONE LEFT TWO FIVE ZERO
2,Finite,10120,TWENTY EIGHT SEVEN GOOD MORNING
2,Finite,6513,DIGITAL FOUR RADAR CONTACT SAY ALTITUDE
2,Finite,5743,CROSS TWO TWO RIGHT EIGHT SIXTY SEVEN
2,Finite,2201,THREE SIXTY FIVE FORTY TWO
2,Finite,22421,AH THREE HUNDRED AT LEAST
2,Finite,28712,AMERICAN THREE FORTY FOUR CONTACT DEPARTURE
2,Finite,6630,FIVE TWENTY THREE ROGER RIGHT TURN
2,Finite,26080,DELTA NINE FORTY SIX GROUND TAXI TO THE RAMP
2,Finite,14208,AMERICAN THREE NINETY THREE IS READY IN SEQUENCE
2,Finite,5462,FOUR THOUSAND FOUR NINETY SEVEN
2,Finite,15405,EAGLE ONE ROUTE APPROVED
2,Finite,30018,CLEARED TO LAND AMERICAN FOURTEEN TWENTY THREE
2,Finite,20274,WE GOT HIM IN SIGHT SEVEN SEVENTY FOUR
2,Finite,7474,YES MA ZERO TWO ZERO
2,Finite,6169,U S AIR TWO ELEVEN BEHIND UNITED
2,Finite,21739,EIGHT THOUSAND CHECKMATE FIVE EIGHTY-FIVE
2,Finite,7987,TWENTY SIX FIVE FOUR FIFTY FIVE
2,Finite,30363,SIX FIVE THREE IS READY ANYTIME
2,Finite,6074,THIRTY FIVE THIRTY NINE WE READY NOW
2,Finite,2778,THREE THREE ZERO THIRTY SEVEN EIGHTY FOUR
2,Finite,23168,ONE SEVEN THOUSAND SOUTHWEST EIGHT EIGHTY FOUR
2,Finite,13958,WILL DO GOOD DAY AMERICAN TEN SIXTY FIVE
2,Finite,25981,(NEW CONTROLLER) AMERICAN SIX EIGHTY-TWO APPROACH
2,Finite,19488,WHAT DO YOU NEED FIRST ALTITUDE OR SPEED
2,Finite,14707,NORTHWEST EIGHTEEN SIXTY NINE GOOD DAY
2,Finite,26489,AMERICAN AH THIRTEEN FORTY FOUR THANK YOU
2,Finite,13652,POSITION AND HOLD FORTY FOUR FIFTY
2,Finite,663,ZERO ONE ZERO FOUR SIXTY THREE
2,Finite,757,HUNDRED AND SEVENTY KNOTS DELTA FIVE NINETY
2,Finite,30047,CLEARED TO CROSS NORTHWEST FOUR OH ONE
2,Finite,13371,FORTY SEVEN (UNINTELLIGIBLE)
2,Finite,21959,TWO HUNDRED AND THIRTY KNOTS ONE FIFTY NINE
2,Finite,24913,AH IT'LL BE CLEAR NOW WITH THE WEATHER
2,Finite,26114,AMERICAN FORTY NINE HEAVY WILL
2,Finite,27633,ASEA NINE FIFTY TWO ROGER
2,Finite,23391,DELTA TEN NINETEEN DESCEND TO FIVE THOUSAND
2,Finite,6610,THIRTY THREE ZERO TWO ZERO SIERRA
2,Finite,12519,TWO SIXTY FOR THREE THOUSAND
2,Finite,18162,DELTA EIGHT NINETEEN SLOWING TO ONE NINETY
2,Finite,20528,YEAH WE GOT THE AIRPORT AH WHICH RUNWAY
2,Finite,17182,CLEARED FOR TAKEOFF TRUMP SIXTY FOUR TWENTY
2,Finite,4723,TWENTY SEVEN TWO GOOD MORNING
2,Finite,2116,FIVE NINE UNIFORM HAS GOT THE FIELD
2,Finite,19454,OKAY HE'S AND AGGIE HE'S TRYING
2,Finite,18353,ONE EIGHTY ON THE HEADING AMERICAN TEN THIRTY NINE
2,Finite,16126,WE'RE READY NORTHWEST TWO THIRTY THREE
2,Finite,16104,HENSON FORTY FIVE SIXTEEN WASHINGTON
2,Finite,23888,AMERICAN FIFTY ONE HEAVY DID YOU GET THE INSTRUCTIONS
2,Finite,9850,TRADOC FIVE CLEARED TO EIGHT THOUSAND
2,Finite,16011,U S AIR ONE EIGHTY SEVEN CONTACT DEPARTURE
2,Finite,22036,ALL RIGHT THE ZERO SIX SEVEN OFF OF DALLAS
2,Finite,8605,PACER EIGHT ONE RADAR CONTACT
2,Finite,3382,ONE TWENTY NOW MIDWAY TWO FORTY
2,Finite,22081,RIGHT ZERO FOUR ZERO SOUTHWEST SIXTEEN
2,Finite,20999,THAT'S AFFIRMATIVE WE HAVE THE TRAFFIC I'M SORRY
2,Finite,26334,AMERICAN THIRTEEN FIFTY TWO ROGER
2,Finite,29422,AMERICAN AH TEN SEVENTY FOUR
2,Finite,2606,THIRTY EIGHT OH TWO ROGER
2,Finite,6173,ON AND HOLD COMMUTER EIGHT FIFTY SIX
2,Finite,4674,ONE TWO ZERO POINT SIX BYE
2,Finite,7468,CONTINENTAL THREE FORTY TWO ROGER
2,Finite,12395,THREE THOUSAND FOR CONTINENTAL THREE OH NINE
2,Finite,9826,SEVENTEEN CONTINENTAL AH TEN SIXTY SEVEN
2,Finite,11099,ONE FOUR ZERO T W A TWO SIX TWO
2,Finite,24591,(UNINTELLIGIBLE)
2,Finite,14852,WE'RE TO HEAVY FOR THIRTY THREE
2,Finite,8055,JUST ABOUT ONE O'CLOCK THREE MILES
2,Finite,5808,POSITION AND HOLD THREE SIXTY SEVEN
2,Finite,9121,AMERICAN THREE NINETY THREE
2,Finite,818,THIRTY SEVEN SEVENTY SIX SEE YOU
2,Finite,6922,HURRYING ACROSS U S TWO THIRTY
2,Finite,20891,DELTA ONE OH SIX YOU GOT THE AIRPORT
2,Finite,14767,CLEARED TO LAND THREE SIX DELTA ELEVEN OH FOUR
2,Finite,3515,DOWN TO THREE SIXTEEN SIXTY TWO
2,Finite,17976,YEAH DELTA MIKE I'LL GO BACK
2,Finite,13800,WE'LL TAKE THREE THREE NORTHWEST EIGHTEEN OH NINE
2,Finite,13479,(UNINTELLIGIBLE) TWENTY FIVE
2,Finite,26261,CHAPARRAL SIX FIFTEEN GROUND
2,Finite,29004,CLEARED TO LAND T W A THREE NINETEEN
2,Finite,11403,FOUR THOUSAND U S AIR THIRTY FOUR
2,Finite,25481,FOUR FIFTY TWO'S ONE EIGHT ZERO
2,Finite,15287,OKAY WE'RE READY U S AIR ELEVEN THIRTY SIX
2,Finite,2073,THAT FOR U P S TWENTY EIGHTEEN HEAVY
2,Finite,6676,CLEARED FOR TAKEOFF CLIPPER FIVE THIRTY FIVE
2,Finite,8560,THIRTY FOUR TWO GOOD DAY UNITED SIX NINETEEN
2,Finite,1144,NINETEEN ONE GOOD NIGHT SIX SIXTEEN
2,Finite,8,THREE THOUSAND ZERO ONE CHARLIE
2,Finite,28170,AMERICAN FOUR
2,Finite,3226,WE'RE BACK TO ONE FIFTY
2,Finite,28776,TWELVE SEVENTY FOUR TEN MILES
2,Finite,19162,ONE EIGHTY AMERICAN SIX NINETY FOUR
2,Finite,25305,DOWN TO NINE EIGHT ZERO FOUR
2,Finite,25198,SIX THOUSAND DELTA NINE THIRTY
2,Finite,26052,INNER TO THE RAMP AMERICAN TWELVE SEVENTY FOUR
2,Finite,21526,DELTA SEVEN FIFTY-EIGHT SAY SPEED
2,Finite,15766,GOOD DAY NORTHWEST EIGHTEEN THIRTY TWO
2,Finite,10825,TWO TEN FOR DELTA JULIET
2,Finite,15755,TROOPER EIGHT MAINTAIN VISUAL WITH THAT TRAFFIC
2,Finite,17222,HOLD SHORT T W A TWO OH EIGHT
2,Finite,19882,(UNINTELLIGIBLE) FIVE THOUSAND
2,Finite,28733,CLEARED FOR TAKEOFF ASEA FOUR HUNDRED FORTY THREE
2,Finite,10282,TWENTY FOUR FIFTY FIVE GOOD DAY
2,Finite,12600,TWO FIFTY U S SIXTEEN TWENTY SEVEN
2,Finite,15454,AH SWITCH TO GROUND PLEASE GOOD NIGHT
2,Finite,28240,GO TO DEPARTURE DELTA THREE EIGHTY SIX
2,Finite,273,HUNDRED AND NINETY TO FIVE WE NUMBER ONE
2,Finite,15463,CLEARED TO LAND NORTHWEST TWELVE TEN
2,Finite,13550,NORTHWEST EIGHTEEN SEVENTY TWO GOOD DAY
2,Finite,7989,TWELVE THIRTY EIGHT WE'RE LOOKING
2,Finite,10553,DEPARTURE LEAR NINE
2,Finite,17967,SO LONG TEN SIXTY SEVEN
2,Finite,6365,GOOD NIGHT THANK YOU THREE FORTY FIVE
2,Finite,17778,CHARLIE SIERRA CLEARED TO LAND
2,Finite,12844,NO THEY DID NOT GIVE THAT TO US SIR
2,Finite,956,EIGHT ECHO LIMA A PLEASANT DAY SIR
2,Finite,8709,TRADOC THREE CONTINUING TO FOUR THOUSAND
2,Finite,8702,HEADING TWO FOUR ZERO SWIFT SEVEN ONE
2,Finite,24123,ZERO FOUR ZERO SOUTHWEST THREE THREE SEVEN
2,Finite,25713,ZERO SIX ZERO SEVEN FORTY-TWO
2,Finite,23612,SOUTHWEST THIRTY THREE SIX ZERO
2,Finite,26702,AND YOU GO AHEAD AND MONITOR THE TOWER NOW
2,Finite,3125,CONTINENTAL THREE TEN THREE THOUSAND
2,Finite,12513,THREE THREE ZERO NORTHWEST EIGHTEEN OH NINE
2,Finite,14269,POSITION AND HOLD FORTY THREE SEVENTY EIGHT
2,Finite,3184,A HUNDRED AND SIXTY KNOTS DELTA TWO OH EIGHT
2,Finite,19888,THREE FIFTY ON THE HEADING ROGER
2,Finite,17142,SIXTY FOUR ELEVEN (UNINTELLIGIBLE)
2,Finite,17148,THREE ZERO FIVE CLEARED CLEARED (UNINTELLIGIBLE)
2,Finite,9562,DIRECT LINDEN DELTA NINE FIFTY NINE
2,Finite,27198,GROUND METRO EIGHT FIFTY SIX
2,Finite,25094,THIRTY TWO ONE ASEA FOUR SIXTEEN SO LONG
2,Finite,26169,GROUND ASEA FOUR ZERO EIGHT AT NINETEEN
2,Finite,22173,THIRTY THREE THREE ONE EIGHTY FIVE SO LONG
2,Finite,30089,ONE EIGHT LEFT POSITION AND HOLD AMERICAN EIGHT OH ONE
2,Finite,16744,FORTY THREE SIXTEEN SO LONG
2,Finite,13639,CLEARED TO LAND JETEX TWENTY SEVEN FIFTEEN
2,Finite,19552,ONE THREE ZERO TWELVE THIRTY TWO
2,Finite,29591,(UNINTELLIGIBLE)
2,Finite,10043,ALL RIGHT THANK YOU I HAVE A PROBLEM WITH THIS ONE
2,Finite,5824,THREE SIXTY SEVEN CONTINENTAL GOOD NIGHT
2,Finite,20314,YES SIR JUST GOT HERE SIX THOUSAND
2,Finite,5367,YEAH WE GOT HIM THANK YOU
2,Finite,6469,TURN THE STROBES OFF PLEASE
2,Finite,23832,BELLANCA ZERO THREE SEVEN STANDBY JUST A MINUTE
2,Finite,3350,LEFT THREE TWO ZERO U S SEVEN SEVENTY
2,Finite,10421,NINETEEN SEVEN MIKE CHARLIE
2,Finite,19928,HEADING TWO NINETY SEVEN TWENTY FIVE
2,Finite,485,DELTA ONE TEN HEAVY DOWN TO FOUR
2,Finite,30119,AMERICAN NINETY THREE CLEARED TO LAND ONE EIGHT RIGHT
2,Finite,8116,TWO TEN KNOTS EIGHT ECHO LIMA
2,Finite,20726,ZERO FOUR ZERO DELTA FIVE EIGHTY FOUR
2,Finite,12347,ONE NINETY U S AIR FOUR SIXTY FIVE
2,Finite,16835,OKAY WE GOT A HELICOPTER
2,Finite,17961,AFFIRMATIVE SIR THIS TIME
2,Finite,14972,WIND TWO FIVE ZERO AT SEVEN
2,Finite,13973,U S AIR FOUR FORTY TWO CONTACT DEPARTURE
2,Finite,14610,JETEX TWENTY SEVEN TWENTY THREE IN SIGHT
2,Finite,24099,(UNINTELLIGIBLE)
2,Finite,15482,CONDOR TWO SAY YOUR REQUEST
2,Finite,13279,AND REPORT THE FIELD IN SIGHT AMERICAN FIFTEEN EIGHTY TWO
2,Finite,11922,U S AIR EIGHT THOUSAND FIVE WITH ME
2,Finite,15553,NIGHTHAWK ONE YOU GOING TO TERMINATE
2,Finite,358,ZERO TWO ZERO CONTINENTAL THREE EIGHTY
2,Finite,320,NINETEEN ONE NINE FIFTEEN SO LONG
2,Finite,11416,DOWN ONE POINT SIX U S AIR THIRTY FOUR
2,Finite,15490,BLACKBIRD ONE HOLD AT THE STADIUM
2,Finite,1407,AH U S AIR THREE FIFTY SIX
2,Finite,27890,(UNINTELLIGIBLE) TWELVE SIXTEEN
2,Finite,15523,NIGHTHAWK SIX FREQUENCY CHANGE APPROVED
2,Finite,448,U S AIR SIXTEEN FIFTEEN THANKS
2,Finite,7969,JET LINK THIRTY EIGHT ZERO TWO SAY SPEED
2,Finite,26907,NINETEEN AND THE TOWER CHAPARRAL SEVEN ELEVEN
2,Finite,9276,ONE ONE EIGHT FOUR SEVEN TWO THREE GOLF
2,Finite,11069,TWO HUNDRED T W A TWO SIX TWO
2,Finite,10330,RIGHT TO ONE EIGHT ZERO VENUS TWO FOUR
2,Finite,28470,SEVEN TWENTY FIVE HAVE A GOOD NIGHT
2,Finite,26242,WAS THAT FOR ASEA TRIPLE FOUR
2,Finite,19002,TWO SIX ZERO EIGHT THIRTY THREE
2,Finite,9709,ONE ONE THOUSAND U S AIR TWELVE THIRTY
2,Finite,19651,TWENTY FOUR FIFTEEN SO LONG
2,Finite,6535,DIGITAL ONE YOU DID SAY YOU'RE LANDING AT LOGAN
2,Finite,18840,RIGHT TWO NINE ZERO DELTA SEVEN FIVE EIGHT
2,Finite,12487,DELTA FIVE OH ONE RIVER VISUAL ONE EIGHT
2,Finite,14302,ON AND HOLD FORTY THREE EIGHTY SIX
2,Finite,28782,CHAPARRAL SEVEN EIGHTY FOUR HOLD SHORT ONE EIGHT LEFT
2,Finite,24770,FREQUENCY AGAIN FOR FOUR ECHO KILO
2,Finite,19191,YES SIR WE'RE WITH YOU
2,Finite,21461,OUT OF ONE POINT FIVE I MISSED YOUR NUMBER
2,Finite,9097,TWENTY ONE OH FIVE DELTA NINE OH ONE
2,Finite,14210,AMERICAN THREE NINETY THREE IS READY IN SEQUENCE
2,Finite,25187,ONE EIGHTEEN ONE AMERICAN FOURTEEN OH ONE
2,Finite,5698,THREE EIGHT FOX POSITION AND HOLD
2,Finite,1236,THREE FOUR ZERO CONTINENTAL THREE THIRTY
2,Finite,8366,NORTHWEST TWELVE FORTY THREE AFFIRMATIVE
2,Finite,2042,ONE ZERO ZERO TWENTY EIGHTEEN
2,Finite,15107,AMERICAN SIX FIFTEEN POSITION AND HOLD
2,Finite,16583,TWELVE EIGHTY FOUR THANK YOU
2,Finite,2722,THREE SIX ZERO NOW THREE FORTY SIX
2,Finite,14582,AMERICAN FIFTEEN TWENTY ONE IS WITH YOU
2,Finite,23859,AH ROGER TWO SEVEN ZERO
2,Finite,14981,SIX QUEBEC SIERRA OVER THE TOPS APPROVED
2,Finite,921,ZERO NINE ZERO NORTHWEST FORTY SIX
2,Finite,11983,DOWN TO ONE THOUSAND SIX HUNDRED THREE TWENTY FIVE
2,Finite,14851,I DIDN'T UNDERSTAND THAT SAY AGAIN
2,Finite,2051,AMERICAN SIX THIRTY FOUR HEAVY THANK YOU
2,Finite,483,DELTA SEVENTEEN SEVENTY SIX SO LONG
2,Finite,13734,CLEARED FOR TAKEOFF U S AIR THIRTY FIVE
2,Finite,10534,ONE FIVE ZERO ONE PAPA HOTEL
2,Finite,2850,AH ONE SEVENTY OR GREATER GREAT
2,Finite,28008,OKAY WE'RE SLOWING DOWN THIRTEEN FIFTY FIVE
2,Finite,6252,THIRTY EIGHT TWENTY EIGHT YOU ALL HAVE A GOOD EVENING
2,Finite,15074,HENSON FORTY FIVE FORTY FIVE TOWER ROGER
2,Finite,15015,WE'RE STARTING OUR LEFT TURN TWO NINETY NINE
2,Finite,14844,ONE EIGHTY FIVE CLEARED TO GO ON THREE SIX
2,Finite,12407,THREE ZERO FIVE ROGER WE HAVE HIM
2,Finite,18598,THAT'S CORRECT SIR MAINTAIN FOUR THOUSAND
2,Finite,7613,DOWN TO SEVEN NORTHWEST ELEVEN SIXTY
2,Finite,6885,POSITION AND HOLD FOR JET LINK THIRTY EIGHT OH FIVE
2,Finite,2922,DOWN TO FOUR TEN TWENTY FOUR
2,Finite,30359,ASEA FOUR TWENTY THREE SO LONG
2,Finite,23900,DOWN TO ONE ZERO THOUSAND WHISKEY FOX
2,Finite,9910,OKAY AVOID THE PROHIBITED AREAS
2,Finite,6480,OKAY (UNINTELLIGIBLE) AND HOLD ON THE RIGHT
2,Finite,15220,ON THE ROLL U S AIR TWELVE TWENTY SIX
2,Finite,29549,HOLD SHORT OF ONE EIGHT RIGHT AMERICAN SIX FIFTY FOUR
2,Finite,6750,POSITION AND HOLD THIRTY FIVE SIXTY TWO
2,Finite,20670,WILCO SIX OH SIX GOOD DAY
2,Finite,27543,CLEARED TO LAND ASEA FOUR SIX SIX
2,Finite,25726,LEAR EIGHT HUNDRED PAPA CHARLIE APPROACH
2,Finite,21325,TWO ONE ZERO SOUTHWEST ONE SIXTY FIVE
2,Finite,22523,MIDWAY TWO SEVENTY REGIONAL DEPARTURE RADAR CONTACT
2,Finite,9681,ONE ONE THOUSAND U S AIR FOUR EIGHTY FIVE
2,Finite,12561,FORTY THREE SIXTY NINETEEN ONE ROGER
2,Finite,25269,DELTA ELEVEN SEVENTY THREE APPROACH
2,Finite,14211,ROGER AMERICAN THREE NINETY THREE THANK YOU
2,Finite,24855,OKAY ONE NINETY ON THE SPEED AND DOWN TO FIVE THOUSAND AMERICAN ONE SIXTY FOUR
2,Finite,3122,THREE ZERO ZERO DELTA TWO OH EIGHT
2,Finite,22431,THIRTY FOUR FIFTEEN THANK YOU FOR YOUR HELP
2,Finite,27323,AMERICAN TWELVE TWENTY SEVEN IS SHORT OF HOTEL
2,Finite,22945,ONE THIRTY FOUR ONE FIVE SEE YOU
2,Finite,16450,U S AIR TEN FIFTY THREE IS READY
2,Finite,12730,WESTWIND THREE ONE SEVEN MIKE THANK YOU
2,Finite,11071,NINETEEN ONE EIGHTEEN OH TWO
2,Finite,21819,AMERICAN EIGHT FIFTY-TWO GOOD NIGHT
2,Finite,24223,ROGER I'VE GOT VICTOR FOR LOVE
2,Finite,26251,CHAPARRAL SIX FIFTEEN'S NUMBER TWO
2,Infinite,26548,SIX TWENTY SEVEN WHAT ENTRANCE DO YOU NEED
2,Infinite,4353,FOUR THOUSAND FIVE OH FIVE
2,Infinite,25808,AMERICAN FOUR SEVENTY-TWO APPROACH
3,Finite,1270,TWO TEN DELTA SIX FORTY EIGHT
3,Finite,23536,SAY AGAIN THE FREQ FOR DELTA THREE TWO SEVEN
3,Finite,5493,EIGHTEEN TWENTY FIVE
3,Finite,15404,EAGLE ONE GO AHEAD
3,Finite,19209,AMERICAN TWELVE SEVENTY FOUR IS IN A TURN
3,Finite,15912,OKAY WE'LL MONITOR BYE
3,Finite,20770,DELTA FIVE TWENTY TWO HEADING ZERO FOUR ZERO
3,Finite,27422,OK WE'LL DO THAT
3,Finite,8612,PACER EIGHT ONE OUT OF THREE FOR FOUR THOUSAND
3,Finite,1843,AH DOUBLE OH EIGHT U S EIGHT FIFTY TWO
3,Finite,11910,ONE NINETEEN ONE THANK YOU GOOD DAY
3,Finite,5425,EIGHTEEN TWENTY FIVE SO LONG
3,Finite,17701,YEAH ANY CHANCE OF THIRTY SIX
3,Finite,18902,ONE NINETY DELTA THREE EIGHTY SIX
3,Finite,29231,UNITED FOUR FIFTY WE 'LL HOLD SHORT
3,Finite,23449,ONE NINETY ASEA FOUR SIXTY SIX
3,Finite,10856,ROGER REDUCE TO ONE NINER ZERO KNOTS
3,Finite,15447,GOOD DAY BIZEX SIX THIRTY EIGHT
3,Finite,25639,THIRTY-TWO ONE DELTA FOUR TWENTY-SIX
3,Finite,10069,ONE ONE THOUSAND HOTEL CHARLIE
3,Finite,435,CACTUS EIGHT TWENTY SIX ROGER
3,Finite,13599,MIDEX FOUR FIFTEEN ANY LEFT TURN
3,Finite,16498,EIGHTEEN THIRTY SEVEN
3,Finite,2409,OKAY THIRTY EIGHT TWENTY FIVE
3,Finite,11791,SIXTY FIVE ELEVEN
3,Finite,20731,YEAH IT LOOKS REAL GOOD RIGHT NOW
3,Finite,11715,EXPECT ABOUT A TEN MILE FINAL
3,Finite,19292,SEVEN NINETY FOUR ROGER
3,Finite,24621,AMERICAN ONE SEVENTY EIGHT APPROACH
3,Finite,24202,ONE NINETY AND SWITCHING GOOD DAY
3,Finite,5593,FOUR FIFTY NINE
3,Finite,21434,THREE TWO EIGHTY-FIVE WE'LL SEE YOU
3,Finite,15407,AH WE TAKE IT TO THE END THANK YOU
3,Finite,11379,GOOD DAY UNITED SIXTEEN NINETY FOUR
3,Finite,13168,REPORT THE FIELD FORTY FOUR TWENTY ONE
3,Finite,17293,EAGLE ONE WASHINGTON TOWER
3,Finite,8095,AH DELTA WHISKEY YOU'RE UNREADABLE
3,Finite,18505,OKAY WE'LL MAINTAIN ONE NINETY
3,Finite,20503,ZERO EIGHT ZERO SEVEN OH SIX
3,Finite,7349,TWO SEVEN TWO THANKS FOR YOUR HELP
3,Finite,10201,OKAY THANKS A LOT SIR
3,Finite,7588,WE BE LOOKING DELTA SEVEN THIRTY ONE
3,Finite,186,ONE NINETEEN ONE GOOD DAY
3,Finite,9052,AND FLY HEADING TWO FIVE ZERO
3,Finite,15822,TROOPER EIGHT FREQUENCY CHANGE APPROVED WE'LL SEE YOU LATER
3,Finite,12687,DOWN TO THREE SEVENTEEN SIXTY FIVE
3,Finite,19187,ONE THREE ZERO AMERICAN TWELVE SEVENTY FOUR
3,Finite,19388,FIVE THOUSAND FOURTEEN FOURTEEN
3,Finite,10515,WE'RE LOOKING ONE PAPA HOTEL
3,Finite,21561,DELTA TEN FOURTEEN HEAVY WILCO
3,Finite,2963,BIZEX FOUR FOURTEEN IS WITH YOU
3,Finite,15568,(UNINTELLIGIBLE) CLEARED TO LAND THANK YOU
3,Finite,16526,FORTY THREE SIXTY NINE
3,Finite,557,CORRECTING NORTHWEST ONE EIGHTY TWO
3,Finite,8780,NINER THOUSAND CACTUS FIFTY FOUR
3,Finite,19519,THREE THOUSAND DELTA ELEVEN THIRTY SEVEN
3,Finite,24410,(UNINTELLIGIBLE)
3,Finite,11161,WILCO T W A TEN
3,Finite,20672,AMERICAN AH THIRTEEN THIRTY TWO
3,Finite,23683,ASEA THREE THIRTY FIVE REGIONAL APPROACH ROGER
3,Infinite,25572,FIVE SIX QUEBEC ROGER
3,Infinite,1194,CARE EIGHTY THREE HAS THE TRAFFIC SIR
3,Infinite,18908,BE ABOUT TWELVE OR THIRTEEN MILES
4,Finite,1270,TWO TEN DELTA SIX FORTY EIGHT
4,Finite,23536,SAY AGAIN THE FREQ FOR DELTA THREE TWO SEVEN
4,Finite,5493,EIGHTEEN TWENTY FIVE
4,Finite,15404,EAGLE ONE GO AHEAD
4,Finite,19209,AMERICAN TWELVE SEVENTY FOUR IS IN A TURN
4,Finite,15912,OKAY WE'LL MONITOR BYE
4,Finite,20770,DELTA FIVE TWENTY TWO HEADING ZERO FOUR ZERO
4,Finite,27422,OK WE'LL DO THAT
4,Finite,8612,PACER EIGHT ONE OUT OF THREE FOR FOUR THOUSAND
4,Finite,1843,AH DOUBLE OH EIGHT U S EIGHT FIFTY TWO
4,Infinite,11910,ONE NINETEEN ONE THANK YOU GOOD DAY
4,Infinite,5425,EIGHTEEN TWENTY FIVE SO LONG
4,Infinite,17701,YEAH ANY CHANCE OF THIRTY SIX
5,Finite,1270,TWO TEN DELTA SIX FORTY EIGHT
5,Finite,23536,SAY AGAIN THE FREQ FOR DELTA THREE TWO SEVEN
5,Finite,5493,EIGHTEEN TWENTY FIVE
5,Finite,15404,EAGLE ONE GO AHEAD
5,Finite,19209,AMERICAN TWELVE SEVENTY FOUR IS IN A TURN
5,Finite,15912,OKAY WE'LL MONITOR BYE
5,Finite,20770,DELTA FIVE TWENTY TWO HEADING ZERO FOUR ZERO
5,Finite,27422,OK WE'LL DO THAT
5,Finite,8612,PACER EIGHT ONE OUT OF THREE FOR FOUR THOUSAND
5,Finite,1843,AH DOUBLE OH EIGHT U S EIGHT FIFTY TWO
5,Finite,11910,ONE NINETEEN ONE THANK YOU GOOD DAY
5,Finite,5425,EIGHTEEN TWENTY FIVE SO LONG
5,Finite,17701,YEAH ANY CHANCE OF THIRTY SIX
5,Finite,18902,ONE NINETY DELTA THREE EIGHTY SIX
5,Finite,29231,UNITED FOUR FIFTY WE 'LL HOLD SHORT
5,Finite,23449,ONE NINETY ASEA FOUR SIXTY SIX
5,Finite,10856,ROGER REDUCE TO ONE NINER ZERO KNOTS
5,Finite,15447,GOOD DAY BIZEX SIX THIRTY EIGHT
5,Finite,25639,THIRTY-TWO ONE DELTA FOUR TWENTY-SIX
5,Finite,10069,ONE ONE THOUSAND HOTEL CHARLIE
5,Finite,435,CACTUS EIGHT TWENTY SIX ROGER
5,Finite,13599,MIDEX FOUR FIFTEEN ANY LEFT TURN
5,Finite,16498,EIGHTEEN THIRTY SEVEN
5,Finite,2409,OKAY THIRTY EIGHT TWENTY FIVE
5,Finite,11791,SIXTY FIVE ELEVEN
5,Finite,20731,YEAH IT LOOKS REAL GOOD RIGHT NOW
5,Finite,11715,EXPECT ABOUT A TEN MILE FINAL
5,Finite,19292,SEVEN NINETY FOUR ROGER
5,Finite,24621,AMERICAN ONE SEVENTY EIGHT APPROACH
5,Finite,24202,ONE NINETY AND SWITCHING GOOD DAY
5,Finite,5593,FOUR FIFTY NINE
5,Finite,21434,THREE TWO EIGHTY-FIVE WE'LL SEE YOU
5,Finite,15407,AH WE TAKE IT TO THE END THANK YOU
5,Finite,11379,GOOD DAY UNITED SIXTEEN NINETY FOUR
5,Finite,13168,REPORT THE FIELD FORTY FOUR TWENTY ONE
5,Finite,17293,EAGLE ONE WASHINGTON TOWER
5,Finite,8095,AH DELTA WHISKEY YOU'RE UNREADABLE
5,Finite,18505,OKAY WE'LL MAINTAIN ONE NINETY
5,Finite,20503,ZERO EIGHT ZERO SEVEN OH SIX
5,Finite,7349,TWO SEVEN TWO THANKS FOR YOUR HELP
5,Finite,10201,OKAY THANKS A LOT SIR
5,Finite,7588,WE BE LOOKING DELTA SEVEN THIRTY ONE
5,Finite,186,ONE NINETEEN ONE GOOD DAY
5,Finite,9052,AND FLY HEADING TWO FIVE ZERO
5,Finite,15822,TROOPER EIGHT FREQUENCY CHANGE APPROVED WE'LL SEE YOU LATER
5,Finite,12687,DOWN TO THREE SEVENTEEN SIXTY FIVE
5,Finite,19187,ONE THREE ZERO AMERICAN TWELVE SEVENTY FOUR
5,Finite,19388,FIVE THOUSAND FOURTEEN FOURTEEN
5,Finite,10515,WE'RE LOOKING ONE PAPA HOTEL
5,Finite,21561,DELTA TEN FOURTEEN HEAVY WILCO
5,Finite,2963,BIZEX FOUR FOURTEEN IS WITH YOU
5,Finite,15568,(UNINTELLIGIBLE) CLEARED TO LAND THANK YOU
5,Finite,16526,FORTY THREE SIXTY NINE
5,Finite,557,CORRECTING NORTHWEST ONE EIGHTY TWO
5,Finite,8780,NINER THOUSAND CACTUS FIFTY FOUR
5,Finite,19519,THREE THOUSAND DELTA ELEVEN THIRTY SEVEN
5,Finite,24410,(UNINTELLIGIBLE)
5,Finite,11161,WILCO T W A TEN
5,Finite,20672,AMERICAN AH THIRTEEN THIRTY TWO
5,Finite,23683,ASEA THREE THIRTY FIVE REGIONAL APPROACH ROGER
5,Finite,25572,FIVE SIX QUEBEC ROGER
5,Finite,1194,CARE EIGHTY THREE HAS THE TRAFFIC SIR
5,Finite,18908,BE ABOUT TWELVE OR THIRTEEN MILES
5,Finite,27099,IN SIGHT TAXI TO PARKING
5,Finite,23756,TWENTY FOUR FIVE WE'LL DO ALL THAT
5,Finite,18350,(UNINTELLIGIBLE)
5,Finite,29144,THREE SIXTY FIVE ROGER
5,Finite,16213,GOOD DAY UNITED SIX ELEVEN
5,Finite,10742,AH DID YOU HAVE THE AIRPORT IN SIGHT
5,Finite,24408,THIRTY FIVE RIGHT TEN NINETY SIX
5,Finite,7560,LOOKING FOUR NINETY THREE
5,Finite,28558,AMERICAN THIRTEEN FORTY ONE
5,Finite,27305,SECOND M D EIGHTY AT THIRTY TWO IS WHO
5,Finite,20354,AFFIRMATIVE AMERICAN FORTY THREE
5,Finite,2413,DELTA TWO OH TWO SLOWING
5,Finite,14603,(UNINTELLIGIBLE)
5,Finite,3792,THREE EIGHT OH SIX CLEARED FOR THE I L S
5,Finite,4522,SORRY GO AHEAD THIRTY EIGHT FORTY THREE WITH YOU
5,Finite,8135,AH WE'RE V F R PLUM ISLAND
5,Finite,1774,(UNINTELLIGIBLE) IT PRETTY HAZY OUT HERE
5,Finite,8620,HENSON FORTY THREE EIGHTY SIX YOU UP
5,Finite,1549,BIZEX SEVEN OH TWO ROGER
5,Finite,7887,THIRTY EIGHT FORTY TWO WE HAVE HIM IN SIGHT
5,Finite,12007,MIDEX TWENTY SEVEN TWENTY ONE ROGER
5,Finite,12149,ALPHA MIKE OUT OF FOUR FOR THREE
5,Finite,12304,YEAH I THINK YOU SAID US MAYBE NOT
5,Finite,13893,U S AIR FORTY SEVEN CONTACT DEPARTURE GOOD NIGHT
5,Finite,7552,ONE EIGHTY FOUR THIRTY THREE
5,Finite,14000,TRUMP SIXTY FIVE TWENTY CONTACT DEPARTURE
5,Finite,9423,ONE NINER ZERO ROGER
5,Finite,6428,TWO THREE HOTEL ON TO HOLD
5,Finite,9458,ALL RIGHT PROCEED DIRECT RICHMOND
5,Finite,22258,TEN EIGHTY ONE IS LOOKING
5,Finite,24659,EIGHT THOUSAND SOUTHWEST FOUR FORTY NINE
5,Finite,20730,SIX FIFTY TWO SPEED OKAY
5,Finite,7169,THANK YOU THREE ZERO NOVEMBER
5,Finite,24582,(UNINTELLIGIBLE)
5,Finite,28775,AMERICAN TWELVE SEVENTY FOUR TOWER
5,Finite,28175,CLEARED TO LAND ELEVEN FORTY SIX
5,Finite,18501,AMERICAN NINETY FIVE REMAIN ON THIS FREQUENCY
5,Finite,16598,CAN'T MAKE THAT ONE
5,Finite,20827,ASEA THREE SIXTY TWO YOU WITH ME
5,Finite,17197,DELTA THREE OH SEVEN ROGER
5,Finite,19940,CLEARED FOR THE APPROACH DELTA FOUR TWENTY SIX
5,Finite,19938,SEVEN TWENTY FIVE TO FOUR THOUSAND
5,Finite,1161,U S AIR TWELVE THIRTY THREE BOSTON
5,Finite,6754,CLEARED TO GO THIRTY FIVE SIXTY TWO
5,Infinite,29505,CHAPARRAL SEVEN SEVENTEEN 'S READY
5,Infinite,19333,ZERO SEVEN ZERO AMERICAN TWELVE SEVENTY
5,Infinite,28160,LOUD AND CLEAR ASEA FOUR FIFTY FIVE
6,Finite,1270,TWO TEN DELTA SIX FORTY EIGHT
6,Finite,23536,SAY AGAIN THE FREQ FOR DELTA THREE TWO SEVEN
6,Finite,5493,EIGHTEEN TWENTY FIVE
6,Finite,15404,EAGLE ONE GO AHEAD
6,Finite,19209,AMERICAN TWELVE SEVENTY FOUR IS IN A TURN
6,Finite,15912,OKAY WE'LL MONITOR BYE
6,Finite,20770,DELTA FIVE TWENTY TWO HEADING ZERO FOUR ZERO
6,Finite,27422,OK WE'LL DO THAT
6,Finite,8612,PACER EIGHT ONE OUT OF THREE FOR FOUR THOUSAND
6,Finite,1843,AH DOUBLE OH EIGHT U S EIGHT FIFTY TWO
6,Finite,11910,ONE NINETEEN ONE THANK YOU GOOD DAY
6,Finite,5425,EIGHTEEN TWENTY FIVE SO LONG
6,Finite,17701,YEAH ANY CHANCE OF THIRTY SIX
6,Finite,18902,ONE NINETY DELTA THREE EIGHTY SIX
6,Finite,29231,UNITED FOUR FIFTY WE 'LL HOLD SHORT
6,Finite,23449,ONE NINETY ASEA FOUR SIXTY SIX
6,Finite,10856,ROGER REDUCE TO ONE NINER ZERO KNOTS
6,Finite,15447,GOOD DAY BIZEX SIX THIRTY EIGHT
6,Finite,25639,THIRTY-TWO ONE DELTA FOUR TWENTY-SIX
6,Finite,10069,ONE ONE THOUSAND HOTEL CHARLIE
6,Finite,435,CACTUS EIGHT TWENTY SIX ROGER
6,Finite,13599,MIDEX FOUR FIFTEEN ANY LEFT TURN
6,Finite,16498,EIGHTEEN THIRTY SEVEN
6,Finite,2409,OKAY THIRTY EIGHT TWENTY FIVE
6,Finite,11791,SIXTY FIVE ELEVEN
6,Finite,20731,YEAH IT LOOKS REAL GOOD RIGHT NOW
6,Finite,11715,EXPECT ABOUT A TEN MILE FINAL
6,Finite,19292,SEVEN NINETY FOUR ROGER
6,Finite,24621,AMERICAN ONE SEVENTY EIGHT APPROACH
6,Finite,24202,ONE NINETY AND SWITCHING GOOD DAY
6,Finite,5593,FOUR FIFTY NINE
6,Finite,21434,THREE TWO EIGHTY-FIVE WE'LL SEE YOU
6,Finite,15407,AH WE TAKE IT TO THE END THANK YOU
6,Finite,11379,GOOD DAY UNITED SIXTEEN NINETY FOUR
6,Finite,13168,REPORT THE FIELD FORTY FOUR TWENTY ONE
6,Finite,17293,EAGLE ONE WASHINGTON TOWER
6,Finite,8095,AH DELTA WHISKEY YOU'RE UNREADABLE
6,Finite,18505,OKAY WE'LL MAINTAIN ONE NINETY
6,Finite,20503,ZERO EIGHT ZERO SEVEN OH SIX
6,Finite,7349,TWO SEVEN TWO THANKS FOR YOUR HELP
6,Finite,10201,OKAY THANKS A LOT SIR
6,Finite,7588,WE BE LOOKING DELTA SEVEN THIRTY ONE
6,Finite,186,ONE NINETEEN ONE GOOD DAY
6,Finite,9052,AND FLY HEADING TWO FIVE ZERO
6,Finite,15822,TROOPER EIGHT FREQUENCY CHANGE APPROVED WE'LL SEE YOU LATER
6,Finite,12687,DOWN TO THREE SEVENTEEN SIXTY FIVE
6,Finite,19187,ONE THREE ZERO AMERICAN TWELVE SEVENTY FOUR
6,Finite,19388,FIVE THOUSAND FOURTEEN FOURTEEN
6,Finite,10515,WE'RE LOOKING ONE PAPA HOTEL
6,Finite,21561,DELTA TEN FOURTEEN HEAVY WILCO
6,Finite,2963,BIZEX FOUR FOURTEEN IS WITH YOU
6,Finite,15568,(UNINTELLIGIBLE) CLEARED TO LAND THANK YOU
6,Finite,16526,FORTY THREE SIXTY NINE
6,Finite,557,CORRECTING NORTHWEST ONE EIGHTY TWO
6,Finite,8780,NINER THOUSAND CACTUS FIFTY FOUR
6,Finite,19519,THREE THOUSAND DELTA ELEVEN THIRTY SEVEN
6,Finite,24410,(UNINTELLIGIBLE)
6,Finite,11161,WILCO T W A TEN
6,Finite,20672,AMERICAN AH THIRTEEN THIRTY TWO
6,Finite,23683,ASEA THREE THIRTY FIVE REGIONAL APPROACH ROGER
6,Finite,25572,FIVE SIX QUEBEC ROGER
6,Finite,1194,CARE EIGHTY THREE HAS THE TRAFFIC SIR
6,Finite,18908,BE ABOUT TWELVE OR THIRTEEN MILES
6,Finite,27099,IN SIGHT TAXI TO PARKING
6,Finite,23756,TWENTY FOUR FIVE WE'LL DO ALL THAT
6,Finite,18350,(UNINTELLIGIBLE)
6,Finite,29144,THREE SIXTY FIVE ROGER
6,Finite,16213,GOOD DAY UNITED SIX ELEVEN
6,Finite,10742,AH DID YOU HAVE THE AIRPORT IN SIGHT
6,Finite,24408,THIRTY FIVE RIGHT TEN NINETY SIX
6,Finite,7560,LOOKING FOUR NINETY THREE
6,Finite,28558,AMERICAN THIRTEEN FORTY ONE
6,Finite,27305,SECOND M D EIGHTY AT THIRTY TWO IS WHO
6,Finite,20354,AFFIRMATIVE AMERICAN FORTY THREE
6,Finite,2413,DELTA TWO OH TWO SLOWING
6,Finite,14603,(UNINTELLIGIBLE)
6,Finite,3792,THREE EIGHT OH SIX CLEARED FOR THE I L S
6,Finite,4522,SORRY GO AHEAD THIRTY EIGHT FORTY THREE WITH YOU
6,Finite,8135,AH WE'RE V F R PLUM ISLAND
6,Finite,1774,(UNINTELLIGIBLE) IT PRETTY HAZY OUT HERE
6,Finite,8620,HENSON FORTY THREE EIGHTY SIX YOU UP
6,Finite,1549,BIZEX SEVEN OH TWO ROGER
6,Finite,7887,THIRTY EIGHT FORTY TWO WE HAVE HIM IN SIGHT
6,Finite,12007,MIDEX TWENTY SEVEN TWENTY ONE ROGER
6,Finite,12149,ALPHA MIKE OUT OF FOUR FOR THREE
6,Finite,12304,YEAH I THINK YOU SAID US MAYBE NOT
6,Finite,13893,U S AIR FORTY SEVEN CONTACT DEPARTURE GOOD NIGHT
6,Finite,7552,ONE EIGHTY FOUR THIRTY THREE
6,Finite,14000,TRUMP SIXTY FIVE TWENTY CONTACT DEPARTURE
6,Finite,9423,ONE NINER ZERO ROGER
6,Finite,6428,TWO THREE HOTEL ON TO HOLD
6,Finite,9458,ALL RIGHT PROCEED DIRECT RICHMOND
6,Finite,22258,TEN EIGHTY ONE IS LOOKING
6,Finite,24659,EIGHT THOUSAND SOUTHWEST FOUR FORTY NINE
6,Finite,20730,SIX FIFTY TWO SPEED OKAY
6,Finite,7169,THANK YOU THREE ZERO NOVEMBER
6,Finite,24582,(UNINTELLIGIBLE)
6,Finite,28775,AMERICAN TWELVE SEVENTY FOUR TOWER
6,Finite,28175,CLEARED TO LAND ELEVEN FORTY SIX
6,Finite,18501,AMERICAN NINETY FIVE REMAIN ON THIS FREQUENCY
6,Finite,16598,CAN'T MAKE THAT ONE
6,Finite,20827,ASEA THREE SIXTY TWO YOU WITH ME
6,Finite,17197,DELTA THREE OH SEVEN ROGER
6,Finite,19940,CLEARED FOR THE APPROACH DELTA FOUR TWENTY SIX
6,Finite,19938,SEVEN TWENTY FIVE TO FOUR THOUSAND
6,Finite,1161,U S AIR TWELVE THIRTY THREE BOSTON
6,Finite,6754,CLEARED TO GO THIRTY FIVE SIXTY TWO
6,Finite,29505,CHAPARRAL SEVEN SEVENTEEN 'S READY
6,Finite,19333,ZERO SEVEN ZERO AMERICAN TWELVE SEVENTY
6,Finite,28160,LOUD AND CLEAR ASEA FOUR FIFTY FIVE
6,Finite,14559,CLEARED TO GO CONTINENTAL THREE TWENTY
6,Finite,26341,SEVEN THIRTY SIX THANK YOU GOOD DAY
6,Finite,20776,THREE THIRTY FIVE ZERO TWO ZERO
6,Finite,28629,CLEARED TO LAND ASEA FOUR SIXTY EIGHT
6,Finite,5765,CLIPPER FIVE FORTY SEVEN
6,Finite,9053,TWO FIFTY PAPA FOX
6,Finite,27140,TWIN CESSNA THREE THREE ALPHA DELTA GROUND
6,Finite,17212,TWENTY ONE SEVEN FORTY FOUR OH ONE
6,Finite,20592,THREE SIX RIGHT AH FIVE ELEVEN
6,Finite,10971,NINETEEN ONE NORTHWEST TWO THIRTY FOUR
6,Finite,11908,SEVENTEEN SIXTY FIVE
6,Finite,26799,EASY IS CLEAR
6,Finite,27998,AMERICAN ELEVEN FIFTY THREE WE'LL CROSS
6,Finite,26976,(UNINTELLIGIBLE)
6,Finite,29155,AMERICAN EIGHT SIXTEEN AFFIRMATIVE
6,Finite,289,ONE SEVENTY ATLANTIC FOUR OH FIVE
6,Finite,26779,(UNINTELLIGIBLE)
6,Finite,1866,THREE SIXTY U S EIGHT FIFTY TWO
6,Finite,7394,OKAY ONE TWO ZERO POINT SIX
6,Finite,14957,SIX SIX EIGHT ZERO SEVEN WITH ME
6,Finite,8186,OH FIVE OH TEN TWENTY FOUR
6,Finite,5132,THREE FOUR TWO SIX
6,Finite,8005,TWELVE THIRTY EIGHT TRAFFIC IN SIGHT
6,Finite,15024,NORTHWEST EIGHTEEN SEVENTY TWO BYE
6,Finite,16885,AND U S AIR FIVE SEVENTEEN
6,Finite,16496,FIVE SIXTY ONE GOOD DAY
6,Finite,28001,YEAH AND GIVE WAY TO THE COMPANY AT THE HIGH SPEED
6,Finite,10073,DIRECT LINDEN PACER FIVE TWO
6,Finite,8652,ONE THREE FOUR TWO SEVEN THREE EIGHT
6,Finite,13536,NORTHWEST TWO THIRTY NINE ROGER
6,Finite,14910,ONE EIGHT HOTEL ROUTING APPROVED
6,Finite,16142,SIXTY FOUR THIRTY ONE CROSS
6,Finite,2939,NERA THIRTY SEVEN FIFTY SIX ROGER
6,Finite,1545,BIZEX SEVEN OH TWO HAS THE SHORT
6,Finite,16739,I'M SORRY REPEAT THAT LAST PART
6,Finite,27947,YES CAN YOU ACCEPT THREE FIVE LEFT
6,Finite,2752,THREE THREE ZERO THREE FORTY SIX
6,Finite,594,AMERICAN NINETY FOUR HEAVY SO LONG
6,Finite,27171,WHO'S THE HEAVY TEN OFF AT THIRTY TWO
6,Finite,10060,DIRECT ARMEL FOR ONE EIGHT FIVE
6,Finite,24139,DOWN TO EIGHT AMERICAN THIRTEEN FIFTY FIVE
6,Finite,19587,FIVE ELEVEN ZERO ONE ZERO DOWN TO THREE
6,Finite,6863,U S AIR TWELVE FIFTY THREE
6,Finite,6186,CALLING BOSTON TOWER SAY AGAIN
6,Finite,20561,DOWN TO THREE AMERICAN SIX HUNDRED
6,Finite,23099,(UNINTELLIGIBLE)
6,Finite,7736,THAT IS CORRECT SIR HAVE A NICE DAY
6,Finite,25707,ZERO SEVEN ZERO SEVEN FORTY-TWO
6,Finite,14304,CLEARED FOR TAKEOFF CACTUS FOUR SEVEN NINE (UNINTELLIGIBLE)
6,Finite,28897,EIGHT TWENTY FOUR NORTH ON ECHO
6,Finite,6654,ONE FOUR ZERO DEPARTURE GOOD DAY SIR
6,Finite,25395,FIVE THOUSAND DELTA SIX NINETY FOUR
6,Finite,21495,ONE SEVEN THOUSAND SOUTHWEST FORTY-THREE
6,Finite,29291,AH DELTA SEVEN TWENTY FIVE CROSSING
6,Finite,28741,POSITION AND HOLD THREE FOUR WHISKEY POP
6,Finite,20028,DOWN TO THREE SEVEN FORTY TWO
6,Finite,29279,UNITED FOUR FIFTY CLEARED TO CROSS
6,Finite,13203,ALLEGHENY THIRTY SEVEN TWO NINE SO LONG
6,Finite,25585,ONE TWO ZERO POINT FIVE GOOD DAY
6,Finite,20005,THREE THOUSAND AMERICAN TWO NINETY TWO
6,Infinite,18918,AMERICAN FIVE FORTY SIX REGIONAL APPROACH ROGER
6,Infinite,15400,HELICOPTER CALLING MISSED IT SAY AGAIN
6,Infinite,29135,OKAY RIGHT ON THE OUTER DELTA SIX NINETY ONE
7,Finite,1270,TWO TEN DELTA SIX FORTY EIGHT
7,Finite,23536,SAY AGAIN THE FREQ FOR DELTA THREE TWO SEVEN
7,Finite,5493,EIGHTEEN TWENTY FIVE
7,Finite,15404,EAGLE ONE GO AHEAD
7,Finite,19209,AMERICAN TWELVE SEVENTY FOUR IS IN A TURN
7,Finite,15912,OKAY WE'LL MONITOR BYE
7,Finite,20770,DELTA FIVE TWENTY TWO HEADING ZERO FOUR ZERO
7,Finite,27422,OK WE'LL DO THAT
7,Finite,8612,PACER EIGHT ONE OUT OF THREE FOR FOUR THOUSAND
7,Finite,1843,AH DOUBLE OH EIGHT U S EIGHT FIFTY TWO
7,Finite,11910,ONE NINETEEN ONE THANK YOU GOOD DAY
7,Finite,5425,EIGHTEEN TWENTY FIVE SO LONG
7,Finite,17701,YEAH ANY CHANCE OF THIRTY SIX
7,Finite,18902,ONE NINETY DELTA THREE EIGHTY SIX
7,Finite,29231,UNITED FOUR FIFTY WE 'LL HOLD SHORT
7,Finite,23449,ONE NINETY ASEA FOUR SIXTY SIX
7,Finite,10856,ROGER REDUCE TO ONE NINER ZERO KNOTS
7,Finite,15447,GOOD DAY BIZEX SIX THIRTY EIGHT
7,Finite,25639,THIRTY-TWO ONE DELTA FOUR TWENTY-SIX
7,Finite,10069,ONE ONE THOUSAND HOTEL CHARLIE
7,Finite,435,CACTUS EIGHT TWENTY SIX ROGER
7,Finite,13599,MIDEX FOUR FIFTEEN ANY LEFT TURN
7,Finite,16498,EIGHTEEN THIRTY SEVEN
7,Finite,2409,OKAY THIRTY EIGHT TWENTY FIVE
7,Finite,11791,SIXTY FIVE ELEVEN
7,Finite,20731,YEAH IT LOOKS REAL GOOD RIGHT NOW
7,Finite,11715,EXPECT ABOUT A TEN MILE FINAL
7,Finite,19292,SEVEN NINETY FOUR ROGER
7,Finite,24621,AMERICAN ONE SEVENTY EIGHT APPROACH
7,Finite,24202,ONE NINETY AND SWITCHING GOOD DAY
7,Finite,5593,FOUR FIFTY NINE
7,Finite,21434,THREE TWO EIGHTY-FIVE WE'LL SEE YOU
7,Finite,15407,AH WE TAKE IT TO THE END THANK YOU
7,Finite,11379,GOOD DAY UNITED SIXTEEN NINETY FOUR
7,Finite,13168,REPORT THE FIELD FORTY FOUR TWENTY ONE
7,Finite,17293,EAGLE ONE WASHINGTON TOWER
7,Finite,8095,AH DELTA WHISKEY YOU'RE UNREADABLE
7,Finite,18505,OKAY WE'LL MAINTAIN ONE NINETY
7,Finite,20503,ZERO EIGHT ZERO SEVEN OH SIX
7,Finite,7349,TWO SEVEN TWO THANKS FOR YOUR HELP
7,Finite,10201,OKAY THANKS A LOT SIR
7,Finite,7588,WE BE LOOKING DELTA SEVEN THIRTY ONE
7,Finite,186,ONE NINETEEN ONE GOOD DAY
7,Finite,9052,AND FLY HEADING TWO FIVE ZERO
7,Finite,15822,TROOPER EIGHT FREQUENCY CHANGE APPROVED WE'LL SEE YOU LATER
7,Finite,12687,DOWN TO THREE SEVENTEEN SIXTY FIVE
7,Finite,19187,ONE THREE ZERO AMERICAN TWELVE SEVENTY FOUR
7,Finite,19388,FIVE THOUSAND FOURTEEN FOURTEEN
7,Finite,10515,WE'RE LOOKING ONE PAPA HOTEL
7,Finite,21561,DELTA TEN FOURTEEN HEAVY WILCO
7,Finite,2963,BIZEX FOUR FOURTEEN IS WITH YOU
7,Finite,15568,(UNINTELLIGIBLE) CLEARED TO LAND THANK YOU
7,Finite,16526,FORTY THREE SIXTY NINE
7,Finite,557,CORRECTING NORTHWEST ONE EIGHTY TWO
7,Finite,8780,NINER THOUSAND CACTUS FIFTY FOUR
7,Finite,19519,THREE THOUSAND DELTA ELEVEN THIRTY SEVEN
7,Finite,24410,(UNINTELLIGIBLE)
7,Finite,11161,WILCO T W A TEN
7,Finite,20672,AMERICAN AH THIRTEEN THIRTY TWO
7,Finite,23683,ASEA THREE THIRTY FIVE REGIONAL APPROACH ROGER
7,Finite,25572,FIVE SIX QUEBEC ROGER
7,Finite,1194,CARE EIGHTY THREE HAS THE TRAFFIC SIR
7,Finite,18908,BE ABOUT TWELVE OR THIRTEEN MILES
7,Finite,27099,IN SIGHT TAXI TO PARKING
7,Finite,23756,TWENTY FOUR FIVE WE'LL DO ALL THAT
7,Finite,18350,(UNINTELLIGIBLE)
7,Finite,29144,THREE SIXTY FIVE ROGER
7,Finite,16213,GOOD DAY UNITED SIX ELEVEN
7,Finite,10742,AH DID YOU HAVE THE AIRPORT IN SIGHT
7,Finite,24408,THIRTY FIVE RIGHT TEN NINETY SIX
7,Finite,7560,LOOKING FOUR NINETY THREE
7,Finite,28558,AMERICAN THIRTEEN FORTY ONE
7,Finite,27305,SECOND M D EIGHTY AT THIRTY TWO IS WHO
7,Finite,20354,AFFIRMATIVE AMERICAN FORTY THREE
7,Finite,2413,DELTA TWO OH TWO SLOWING
7,Finite,14603,(UNINTELLIGIBLE)
7,Finite,3792,THREE EIGHT OH SIX CLEARED FOR THE I L S
7,Finite,4522,SORRY GO AHEAD THIRTY EIGHT FORTY THREE WITH YOU
7,Finite,8135,AH WE'RE V F R PLUM ISLAND
7,Finite,1774,(UNINTELLIGIBLE) IT PRETTY HAZY OUT HERE
7,Finite,8620,HENSON FORTY THREE EIGHTY SIX YOU UP
7,Finite,1549,BIZEX SEVEN OH TWO ROGER
7,Finite,7887,THIRTY EIGHT FORTY TWO WE HAVE HIM IN SIGHT
7,Finite,12007,MIDEX TWENTY SEVEN TWENTY ONE ROGER
7,Finite,12149,ALPHA MIKE OUT OF FOUR FOR THREE
7,Finite,12304,YEAH I THINK YOU SAID US MAYBE NOT
7,Finite,13893,U S AIR FORTY SEVEN CONTACT DEPARTURE GOOD NIGHT
7,Finite,7552,ONE EIGHTY FOUR THIRTY THREE
7,Finite,14000,TRUMP SIXTY FIVE TWENTY CONTACT DEPARTURE
7,Finite,9423,ONE NINER ZERO ROGER
7,Finite,6428,TWO THREE HOTEL ON TO HOLD
7,Finite,9458,ALL RIGHT PROCEED DIRECT RICHMOND
7,Finite,22258,TEN EIGHTY ONE IS LOOKING
7,Finite,24659,EIGHT THOUSAND SOUTHWEST FOUR FORTY NINE
7,Finite,20730,SIX FIFTY TWO SPEED OKAY
7,Finite,7169,THANK YOU THREE ZERO NOVEMBER
7,Finite,24582,(UNINTELLIGIBLE)
7,Finite,28775,AMERICAN TWELVE SEVENTY FOUR TOWER
7,Finite,28175,CLEARED TO LAND ELEVEN FORTY SIX
7,Infinite,18501,AMERICAN NINETY FIVE REMAIN ON THIS FREQUENCY
7,Infinite,16598,CAN'T MAKE THAT ONE
7,Infinite,20827,ASEA THREE SIXTY TWO YOU WITH ME
